       11	2026-04-27 16:56:10	5	0	1	0
     5555	2026-04-27 20:11:56	5	1	1	0
        8	2026-04-27 20:13:01	5	1	1	0
       58	2026-04-27 22:00:05	5	1	1	0
        6	2026-04-27 22:00:16	5	1	1	0
       61	2026-04-27 22:00:22	5	1	1	0
       45	2026-04-27 22:00:28	5	1	1	0
       16	2026-04-27 22:00:33	5	1	1	0
       19	2026-04-27 22:00:37	5	1	1	0
       68	2026-04-27 22:00:43	5	1	1	0
       27	2026-04-27 22:00:48	5	1	1	0
      145	2026-04-27 22:00:54	5	1	1	0
        7	2026-04-27 22:01:01	5	1	1	0
       79	2026-04-27 22:01:06	5	1	1	0
       17	2026-04-27 22:01:11	5	1	1	0
       15	2026-04-27 22:01:16	5	1	1	0
      111	2026-04-27 22:01:21	5	1	1	0
       29	2026-04-27 22:01:25	5	1	1	0
      114	2026-04-27 22:01:28	5	1	1	0
      147	2026-04-27 22:01:34	5	1	1	0
      123	2026-04-27 22:01:39	5	1	1	0
      666	2026-04-27 22:01:42	5	1	1	0
      146	2026-04-27 22:01:49	5	1	1	0
       85	2026-04-27 22:02:02	5	1	1	0
      120	2026-04-27 22:02:13	5	1	1	0
      121	2026-04-27 22:02:18	5	1	1	0
       86	2026-04-27 22:02:24	5	1	1	0
       76	2026-04-27 22:02:29	5	1	1	0
       11	2026-04-27 22:02:35	5	1	1	0
       18	2026-04-27 22:02:50	5	1	1	0
       30	2026-04-27 22:02:55	5	1	1	0
       17	2026-04-28 07:09:20	5	0	1	0
        8	2026-04-28 07:10:41	5	0	1	0
      147	2026-04-28 07:27:19	5	0	1	0
       58	2026-04-28 07:43:08	5	0	1	0
       58	2026-04-28 07:43:10	5	0	1	0
        7	2026-04-28 08:02:53	5	0	1	0
       19	2026-04-28 08:11:26	5	0	1	0
       61	2026-04-28 08:19:52	5	0	1	0
       27	2026-04-28 08:21:52	5	0	1	0
      120	2026-04-28 08:23:09	5	0	1	0
       61	2026-04-28 08:23:17	5	0	1	0
       15	2026-04-28 08:23:26	5	0	1	0
      111	2026-04-28 08:25:21	5	0	1	0
       57	2026-04-28 08:25:42	5	0	1	0
      146	2026-04-28 08:25:48	5	0	1	0
       44	2026-04-28 08:25:55	5	0	1	0
     5555	2026-04-28 08:27:37	5	0	1	0
       86	2026-04-28 08:28:39	5	0	1	0
       11	2026-04-28 08:28:45	5	0	1	0
       76	2026-04-28 08:30:29	5	0	1	0
      121	2026-04-28 08:32:09	5	0	1	0
      114	2026-04-28 08:32:16	5	0	1	0
      666	2026-04-28 08:32:22	5	0	1	0
       18	2026-04-28 08:32:49	5	0	1	0
      123	2026-04-28 08:35:47	5	0	1	0
       68	2026-04-28 08:36:02	5	0	1	0
       85	2026-04-28 08:39:56	5	0	1	0
       16	2026-04-28 09:14:04	5	0	1	0
       17	2026-04-28 22:00:02	5	1	1	0
       19	2026-04-28 22:00:07	5	1	1	0
       58	2026-04-28 22:00:13	5	1	1	0
       16	2026-04-28 22:00:17	5	1	1	0
      147	2026-04-28 22:00:23	5	1	1	0
       57	2026-04-28 22:00:29	5	1	1	0
      120	2026-04-28 22:00:36	5	1	1	0
       15	2026-04-28 22:00:41	5	1	1	0
      146	2026-04-28 22:00:47	5	1	1	0
       68	2026-04-28 22:00:52	5	1	1	0
      123	2026-04-28 22:00:56	5	1	1	0
      111	2026-04-28 22:01:01	5	1	1	0
      114	2026-04-28 22:01:03	5	1	1	0
       27	2026-04-28 22:01:10	5	1	1	0
       18	2026-04-28 22:01:24	5	1	1	0
       85	2026-04-28 22:01:31	5	1	1	0
      666	2026-04-28 22:01:34	5	1	1	0
       11	2026-04-28 22:01:43	5	1	1	0
       44	2026-04-28 22:01:52	5	1	1	0
       45	2026-04-28 22:02:04	5	1	1	0
      121	2026-04-28 22:02:19	5	1	1	0
        7	2026-04-28 22:02:31	5	1	1	0
       76	2026-04-28 22:02:43	5	1	1	0
       61	2026-04-28 22:03:14	5	1	1	0
       86	2026-04-28 22:03:44	5	1	1	0
       17	2026-04-29 07:22:32	5	0	1	0
        8	2026-04-29 07:25:57	5	0	1	0
        7	2026-04-29 07:34:00	5	0	1	0
      147	2026-04-29 07:34:28	5	0	1	0
       61	2026-04-29 07:57:22	5	0	1	0
       61	2026-04-29 08:08:34	5	0	1	0
      123	2026-04-29 08:10:09	5	0	1	0
        6	2026-04-29 08:11:25	5	0	1	0
       58	2026-04-29 08:12:00	5	0	1	0
       58	2026-04-29 08:12:03	5	0	1	0
       76	2026-04-29 08:12:23	5	0	1	0
      111	2026-04-29 08:13:18	5	0	1	0
       19	2026-04-29 08:14:12	5	0	1	0
       27	2026-04-29 08:19:13	5	0	1	0
       44	2026-04-29 08:21:28	5	0	1	0
      114	2026-04-29 08:22:31	5	0	1	0
       15	2026-04-29 08:22:50	5	0	1	0
       16	2026-04-29 08:24:07	5	0	1	0
       45	2026-04-29 08:27:30	5	0	1	0
       29	2026-04-29 08:29:42	5	0	1	0
       57	2026-04-29 08:31:34	5	0	1	0
      145	2026-04-29 08:33:54	5	0	1	0
      120	2026-04-29 08:34:00	5	0	1	0
       11	2026-04-29 08:34:06	5	0	1	0
       86	2026-04-29 08:34:12	5	0	1	0
       85	2026-04-29 08:35:57	5	0	1	0
       30	2026-04-29 08:41:38	5	0	1	0
       79	2026-04-29 08:44:57	5	0	1	0
       68	2026-04-29 08:48:45	5	0	1	0
        8	2026-04-29 20:20:12	5	1	1	0
       16	2026-04-29 22:00:07	5	1	1	0
       30	2026-04-29 22:00:13	5	1	1	0
       15	2026-04-29 22:00:19	5	1	1	0
       57	2026-04-29 22:00:25	5	1	1	0
       19	2026-04-29 22:00:29	5	1	1	0
        7	2026-04-29 22:00:34	5	1	1	0
       61	2026-04-29 22:00:40	5	1	1	0
      145	2026-04-29 22:00:46	5	1	1	0
       27	2026-04-29 22:00:51	5	1	1	0
      147	2026-04-29 22:00:58	5	1	1	0
      111	2026-04-29 22:01:07	5	1	1	0
      123	2026-04-29 22:01:11	5	1	1	0
      114	2026-04-29 22:01:17	5	1	1	0
       17	2026-04-29 22:01:21	5	1	1	0
       85	2026-04-29 22:01:25	5	1	1	0
       68	2026-04-29 22:01:30	5	1	1	0
      120	2026-04-29 22:01:34	5	1	1	0
       29	2026-04-29 22:01:40	5	1	1	0
       79	2026-04-29 22:01:48	5	1	1	0
       44	2026-04-29 22:01:54	5	1	1	0
        6	2026-04-29 22:02:08	5	1	1	0
       11	2026-04-29 22:02:17	5	1	1	0
       76	2026-04-29 22:02:26	5	1	1	0
       45	2026-04-29 22:02:33	5	1	1	0
       86	2026-04-29 22:02:43	5	1	1	0
        7	2026-04-30 06:49:17	5	0	1	0
        8	2026-04-30 07:10:38	5	0	1	0
       17	2026-04-30 07:13:22	5	0	1	0
       17	2026-04-30 07:14:23	5	0	1	0
      147	2026-04-30 07:22:02	5	0	1	0
       19	2026-04-30 08:07:43	5	0	1	0
      111	2026-04-30 08:15:22	5	0	1	0
       76	2026-04-30 08:16:05	5	0	1	0
      121	2026-04-30 08:16:47	5	0	1	0
        6	2026-04-30 08:17:20	5	0	1	0
       18	2026-04-30 08:20:16	5	0	1	0
       61	2026-04-30 08:21:22	5	0	1	0
       58	2026-04-30 08:22:51	5	0	1	0
       27	2026-04-30 08:23:18	5	0	1	0
      120	2026-04-30 08:23:42	5	0	1	0
      666	2026-04-30 08:24:15	5	0	1	0
       44	2026-04-30 08:24:22	5	0	1	0
       16	2026-04-30 08:25:16	5	0	1	0
      146	2026-04-30 08:25:29	5	0	1	0
       86	2026-04-30 08:27:17	5	0	1	0
       11	2026-04-30 08:27:27	5	0	1	0
       45	2026-04-30 08:27:33	5	0	1	0
       29	2026-04-30 08:27:40	5	0	1	0
       79	2026-04-30 08:28:01	5	0	1	0
       57	2026-04-30 08:32:04	5	0	1	0
       15	2026-04-30 08:32:46	5	0	1	0
       85	2026-04-30 08:33:39	5	0	1	0
      145	2026-04-30 08:46:44	5	0	1	0
        8	2026-04-30 20:30:49	5	1	1	0
       19	2026-04-30 22:00:19	5	1	1	0
       85	2026-04-30 22:00:29	5	1	1	0
       16	2026-04-30 22:00:34	5	1	1	0
       79	2026-04-30 22:00:40	5	1	1	0
      145	2026-04-30 22:00:45	5	1	1	0
      120	2026-04-30 22:00:53	5	1	1	0
      146	2026-04-30 22:01:00	5	1	1	0
      147	2026-04-30 22:01:05	5	1	1	0
       17	2026-04-30 22:01:10	5	1	1	0
       57	2026-04-30 22:01:17	5	1	1	0
       58	2026-04-30 22:01:21	5	1	1	0
       58	2026-04-30 22:01:23	5	1	1	0
      111	2026-04-30 22:01:29	5	1	1	0
      666	2026-04-30 22:01:33	5	1	1	0
       29	2026-04-30 22:01:38	5	1	1	0
        7	2026-04-30 22:01:43	5	1	1	0
        6	2026-04-30 22:01:48	5	1	1	0
       27	2026-04-30 22:01:53	5	1	1	0
       44	2026-04-30 22:02:18	5	1	1	0
       15	2026-04-30 22:02:33	5	1	1	0
       61	2026-04-30 22:02:43	5	1	1	0
       61	2026-04-30 22:02:56	5	1	1	0
       61	2026-04-30 22:04:25	5	1	1	0
       11	2026-04-30 22:04:31	5	1	1	0
       18	2026-04-30 22:06:28	5	1	1	0
       86	2026-04-30 22:09:38	5	1	1	0
       45	2026-04-30 22:11:35	5	1	1	0
      121	2026-04-30 22:12:16	5	1	1	0
       17	2026-05-01 07:30:30	5	0	1	0
        8	2026-05-01 07:33:08	5	0	1	0
        7	2026-05-01 07:54:20	5	0	1	0
        6	2026-05-01 07:54:45	5	0	1	0
       15	2026-05-01 08:07:45	5	0	1	0
       19	2026-05-01 08:08:34	5	0	1	0
      111	2026-05-01 08:13:38	5	0	1	0
       76	2026-05-01 08:17:15	5	0	1	0
       61	2026-05-01 08:18:10	5	0	1	0
       44	2026-05-01 08:20:45	5	0	1	0
       61	2026-05-01 08:21:40	5	0	1	0
       30	2026-05-01 08:21:46	5	0	1	0
       58	2026-05-01 08:22:01	5	0	1	0
       58	2026-05-01 08:22:03	5	0	1	0
      123	2026-05-01 08:23:13	5	0	1	0
      114	2026-05-01 08:23:20	5	0	1	0
      146	2026-05-01 08:23:56	5	0	1	0
       86	2026-05-01 08:26:14	5	0	1	0
       11	2026-05-01 08:26:27	5	0	1	0
      666	2026-05-01 08:26:47	5	0	1	0
       27	2026-05-01 08:26:54	5	0	1	0
      120	2026-05-01 08:27:04	5	0	1	0
       16	2026-05-01 08:28:21	5	0	1	0
       45	2026-05-01 08:29:11	5	0	1	0
       29	2026-05-01 08:30:53	5	0	1	0
       29	2026-05-01 08:30:56	5	0	1	0
      121	2026-05-01 08:31:32	5	0	1	0
      145	2026-05-01 08:32:25	5	0	1	0
       85	2026-05-01 08:32:35	5	0	1	0
       57	2026-05-01 08:32:44	5	0	1	0
       79	2026-05-01 08:35:52	5	0	1	0
       68	2026-05-01 08:37:10	5	0	1	0
       18	2026-05-01 08:40:00	5	0	1	0
        8	2026-05-01 20:25:46	5	1	1	0
       18	2026-05-01 22:00:14	5	1	1	0
        7	2026-05-01 22:00:20	5	1	1	0
       17	2026-05-01 22:00:25	5	1	1	0
       79	2026-05-01 22:00:30	5	1	1	0
      114	2026-05-01 22:00:35	5	1	1	0
       57	2026-05-01 22:00:39	5	1	1	0
      120	2026-05-01 22:00:45	5	1	1	0
      146	2026-05-01 22:00:50	5	1	1	0
       68	2026-05-01 22:00:56	5	1	1	0
      145	2026-05-01 22:01:01	5	1	1	0
       58	2026-05-01 22:01:06	5	1	1	0
       29	2026-05-01 22:01:09	5	1	1	0
       19	2026-05-01 22:01:13	5	1	1	0
       44	2026-05-01 22:01:17	5	1	1	0
       15	2026-05-01 22:01:33	5	1	1	0
      666	2026-05-01 22:01:38	5	1	1	0
      123	2026-05-01 22:01:43	5	1	1	0
      111	2026-05-01 22:01:48	5	1	1	0
       30	2026-05-01 22:01:53	5	1	1	0
       16	2026-05-01 22:01:57	5	1	1	0
       45	2026-05-01 22:02:02	5	1	1	0
       27	2026-05-01 22:02:07	5	1	1	0
       85	2026-05-01 22:02:10	5	1	1	0
       11	2026-05-01 22:02:19	5	1	1	0
       76	2026-05-01 22:02:25	5	1	1	0
       86	2026-05-01 22:02:32	5	1	1	0
        6	2026-05-01 22:02:38	5	1	1	0
       61	2026-05-01 22:02:44	5	1	1	0
      121	2026-05-01 22:02:53	5	1	1	0
       17	2026-05-02 07:31:09	5	0	1	0
        8	2026-05-02 07:33:06	5	0	1	0
      147	2026-05-02 07:35:06	5	0	1	0
       18	2026-05-02 07:40:13	5	0	1	0
       61	2026-05-02 07:48:18	5	0	1	0
       61	2026-05-02 07:50:28	5	0	1	0
        7	2026-05-02 07:55:58	5	0	1	0
       15	2026-05-02 08:04:00	5	0	1	0
      111	2026-05-02 08:04:46	5	0	1	0
      123	2026-05-02 08:05:29	5	0	1	0
       58	2026-05-02 08:09:45	5	0	1	0
       58	2026-05-02 08:09:48	5	0	1	0
       19	2026-05-02 08:10:32	5	0	1	0
        6	2026-05-02 08:12:03	5	0	1	0
       76	2026-05-02 08:12:08	5	0	1	0
      114	2026-05-02 08:16:18	5	0	1	0
      666	2026-05-02 08:16:40	5	0	1	0
       86	2026-05-02 08:19:07	5	0	1	0
       11	2026-05-02 08:19:24	5	0	1	0
      146	2026-05-02 08:21:02	5	0	1	0
      146	2026-05-02 08:21:04	5	0	1	0
       27	2026-05-02 08:26:07	5	0	1	0
      120	2026-05-02 08:26:18	5	0	1	0
       30	2026-05-02 08:26:43	5	0	1	0
       45	2026-05-02 08:28:12	5	0	1	0
       16	2026-05-02 08:29:54	5	0	1	0
       29	2026-05-02 08:30:01	5	0	1	0
       57	2026-05-02 08:33:08	5	0	1	0
       44	2026-05-02 08:34:26	5	0	1	0
       79	2026-05-02 08:37:16	5	0	1	0
      145	2026-05-02 08:37:24	5	0	1	0
       68	2026-05-02 08:40:35	5	0	1	0
       85	2026-05-02 08:41:20	5	0	1	0
       16	2026-05-02 21:52:38	5	1	1	0
       27	2026-05-02 22:00:39	5	1	1	0
      146	2026-05-02 22:00:45	5	1	1	0
       57	2026-05-02 22:00:49	5	1	1	0
      147	2026-05-02 22:00:57	5	1	1	0
       44	2026-05-02 22:01:01	5	1	1	0
       85	2026-05-02 22:01:11	5	1	1	0
      120	2026-05-02 22:01:15	5	1	1	0
      145	2026-05-02 22:01:21	5	1	1	0
       68	2026-05-02 22:01:25	5	1	1	0
      123	2026-05-02 22:01:31	5	1	1	0
      666	2026-05-02 22:01:34	5	1	1	0
        7	2026-05-02 22:01:37	5	1	1	0
        7	2026-05-02 22:01:42	5	1	1	0
       29	2026-05-02 22:01:47	5	1	1	0
      111	2026-05-02 22:01:51	5	1	1	0
       76	2026-05-02 22:01:56	5	1	1	0
      114	2026-05-02 22:02:00	5	1	1	0
       58	2026-05-02 22:02:05	5	1	1	0
       45	2026-05-02 22:02:10	5	1	1	0
       79	2026-05-02 22:02:21	5	1	1	0
       61	2026-05-02 22:02:26	5	1	1	0
        6	2026-05-02 22:02:33	5	1	1	0
       15	2026-05-02 22:02:39	5	1	1	0
       11	2026-05-02 22:02:50	5	1	1	0
       86	2026-05-02 22:03:11	5	1	1	0
       16	2026-05-02 22:03:20	5	1	1	0
       17	2026-05-03 08:16:18	5	0	1	0
      147	2026-05-03 08:16:23	5	0	1	0
       18	2026-05-03 08:16:34	5	0	1	0
       15	2026-05-03 08:16:45	5	0	1	0
        7	2026-05-03 08:17:11	5	0	1	0
       76	2026-05-03 08:21:34	5	0	1	0
      114	2026-05-03 08:22:04	5	0	1	0
        6	2026-05-03 08:22:19	5	0	1	0
       19	2026-05-03 08:22:33	5	0	1	0
       58	2026-05-03 08:24:00	5	0	1	0
       58	2026-05-03 08:24:02	5	0	1	0
      121	2026-05-03 08:25:19	5	0	1	0
      123	2026-05-03 08:25:26	5	0	1	0
      145	2026-05-03 08:25:44	5	0	1	0
      111	2026-05-03 08:26:41	5	0	1	0
      666	2026-05-03 08:26:47	5	0	1	0
       85	2026-05-03 08:27:57	5	0	1	0
       27	2026-05-03 08:28:04	5	0	1	0
      120	2026-05-03 08:28:17	5	0	1	0
       16	2026-05-03 08:28:56	5	0	1	0
       61	2026-05-03 08:29:24	5	0	1	0
       45	2026-05-03 08:29:31	5	0	1	0
       29	2026-05-03 08:31:53	5	0	1	0
       30	2026-05-03 08:32:15	5	0	1	0
      146	2026-05-03 08:34:17	5	0	1	0
       79	2026-05-03 08:36:57	5	0	1	0
       86	2026-05-03 08:37:07	5	0	1	0
       68	2026-05-03 08:37:44	5	0	1	0
       44	2026-05-03 08:39:10	5	0	1	0
       79	2026-05-03 22:00:02	5	1	1	0
       19	2026-05-03 22:00:05	5	1	1	0
       27	2026-05-03 22:00:10	5	1	1	0
       30	2026-05-03 22:00:19	5	1	1	0
      147	2026-05-03 22:00:24	5	1	1	0
      146	2026-05-03 22:00:30	5	1	1	0
      145	2026-05-03 22:00:35	5	1	1	0
      123	2026-05-03 22:00:40	5	1	1	0
        7	2026-05-03 22:00:47	5	1	1	0
       16	2026-05-03 22:00:56	5	1	1	0
       44	2026-05-03 22:01:02	5	1	1	0
       85	2026-05-03 22:01:16	5	1	1	0
      114	2026-05-03 22:01:21	5	1	1	0
       17	2026-05-03 22:01:26	5	1	1	0
       18	2026-05-03 22:01:33	5	1	1	0
       68	2026-05-03 22:01:40	5	1	1	0
       58	2026-05-03 22:01:45	5	1	1	0
       61	2026-05-03 22:01:52	5	1	1	0
       15	2026-05-03 22:01:59	5	1	1	0
       29	2026-05-03 22:02:03	5	1	1	0
      111	2026-05-03 22:02:08	5	1	1	0
      666	2026-05-03 22:02:11	5	1	1	0
      121	2026-05-03 22:02:21	5	1	1	0
       76	2026-05-03 22:02:31	5	1	1	0
        6	2026-05-03 22:02:42	5	1	1	0
       11	2026-05-03 22:02:51	5	1	1	0
       86	2026-05-03 22:03:05	5	1	1	0
       17	2026-05-04 07:18:00	5	0	1	0
        8	2026-05-04 07:19:04	5	0	1	0
      147	2026-05-04 07:23:18	5	0	1	0
        7	2026-05-04 07:34:37	5	0	1	0
      666	2026-05-04 07:51:26	5	0	1	0
       18	2026-05-04 07:52:34	5	0	1	0
       61	2026-05-04 08:03:43	5	0	1	0
      111	2026-05-04 08:05:49	5	0	1	0
       15	2026-05-04 08:06:11	5	0	1	0
       15	2026-05-04 08:06:27	5	0	1	0
       61	2026-05-04 08:06:40	5	0	1	0
        6	2026-05-04 08:15:11	5	0	1	0
       76	2026-05-04 08:15:18	5	0	1	0
       76	2026-05-04 08:15:22	5	0	1	0
      146	2026-05-04 08:16:49	5	0	1	0
      123	2026-05-04 08:19:34	5	0	1	0
       19	2026-05-04 08:20:04	5	0	1	0
      121	2026-05-04 08:23:11	5	0	1	0
       58	2026-05-04 08:25:30	5	0	1	0
       16	2026-05-04 08:26:33	5	0	1	0
     5555	2026-05-04 08:26:52	5	0	1	0
       86	2026-05-04 08:28:06	5	0	1	0
       11	2026-05-04 08:28:37	5	0	1	0
       11	2026-05-04 08:28:39	5	0	1	0
      114	2026-05-04 08:28:48	5	0	1	0
       30	2026-05-04 08:29:09	5	0	1	0
       57	2026-05-04 08:29:15	5	0	1	0
       27	2026-05-04 08:29:23	5	0	1	0
       29	2026-05-04 08:33:24	5	0	1	0
       68	2026-05-04 08:38:59	5	0	1	0
      145	2026-05-04 08:49:47	5	0	1	0
     5555	2026-05-04 18:22:30	5	1	1	0
        8	2026-05-04 20:21:47	5	1	1	0
       16	2026-05-04 22:00:02	5	1	1	0
       58	2026-05-04 22:00:09	5	1	1	0
       61	2026-05-04 22:00:19	5	1	1	0
      147	2026-05-04 22:00:25	5	1	1	0
       58	2026-05-04 22:00:31	5	1	1	0
       27	2026-05-04 22:00:36	5	1	1	0
       15	2026-05-04 22:00:43	5	1	1	0
       57	2026-05-04 22:00:49	5	1	1	0
      145	2026-05-04 22:00:55	5	1	1	0
      146	2026-05-04 22:01:02	5	1	1	0
       18	2026-05-04 22:01:07	5	1	1	0
      114	2026-05-04 22:01:12	5	1	1	0
      123	2026-05-04 22:01:18	5	1	1	0
        7	2026-05-04 22:01:26	5	1	1	0
      111	2026-05-04 22:01:31	5	1	1	0
       68	2026-05-04 22:01:36	5	1	1	0
      666	2026-05-04 22:01:44	5	1	1	0
       17	2026-05-04 22:01:49	5	1	1	0
       30	2026-05-04 22:01:54	5	1	1	0
        6	2026-05-04 22:02:02	5	1	1	0
      121	2026-05-04 22:02:18	5	1	1	0
       76	2026-05-04 22:02:25	5	1	1	0
       11	2026-05-04 22:02:34	5	1	1	0
       86	2026-05-04 22:02:57	5	1	1	0
       17	2026-05-05 07:03:39	5	0	1	0
        8	2026-05-05 07:13:56	5	0	1	0
        7	2026-05-05 07:29:32	5	0	1	0
      147	2026-05-05 07:34:55	5	0	1	0
       79	2026-05-05 08:00:02	5	0	1	0
        6	2026-05-05 08:19:59	5	0	1	0
       76	2026-05-05 08:20:05	5	0	1	0
       61	2026-05-05 08:20:11	5	0	1	0
      146	2026-05-05 08:20:29	5	0	1	0
       27	2026-05-05 08:24:54	5	0	1	0
      120	2026-05-05 08:25:20	5	0	1	0
       15	2026-05-05 08:27:32	5	0	1	0
      111	2026-05-05 08:27:38	5	0	1	0
      121	2026-05-05 08:28:25	5	0	1	0
      666	2026-05-05 08:28:37	5	0	1	0
      123	2026-05-05 08:28:42	5	0	1	0
       44	2026-05-05 08:29:04	5	0	1	0
       16	2026-05-05 08:29:14	5	0	1	0
       11	2026-05-05 08:29:33	5	0	1	0
       29	2026-05-05 08:29:50	5	0	1	0
       85	2026-05-05 08:30:39	5	0	1	0
       45	2026-05-05 08:32:21	5	0	1	0
      114	2026-05-05 08:32:28	5	0	1	0
     5555	2026-05-05 08:33:01	5	0	1	0
       68	2026-05-05 08:36:09	5	0	1	0
       18	2026-05-05 08:43:59	5	0	1	0
       30	2026-05-05 08:47:42	5	0	1	0
     5555	2026-05-05 18:03:37	5	1	1	0
        8	2026-05-05 20:04:24	5	1	1	0
       27	2026-05-05 22:00:03	5	1	1	0
      146	2026-05-05 22:00:12	5	1	1	0
       61	2026-05-05 22:00:19	5	1	1	0
      147	2026-05-05 22:00:28	5	1	1	0
      120	2026-05-05 22:00:34	5	1	1	0
        7	2026-05-05 22:00:41	5	1	1	0
       16	2026-05-05 22:00:46	5	1	1	0
       79	2026-05-05 22:00:56	5	1	1	0
      123	2026-05-05 22:01:02	5	1	1	0
        6	2026-05-05 22:01:09	5	1	1	0
       18	2026-05-05 22:01:21	5	1	1	0
       85	2026-05-05 22:01:33	5	1	1	0
       45	2026-05-05 22:01:40	5	1	1	0
      111	2026-05-05 22:01:48	5	1	1	0
      666	2026-05-05 22:01:53	5	1	1	0
      114	2026-05-05 22:01:58	5	1	1	0
       44	2026-05-05 22:02:04	5	1	1	0
       15	2026-05-05 22:02:10	5	1	1	0
       68	2026-05-05 22:02:16	5	1	1	0
       17	2026-05-05 22:02:24	5	1	1	0
       30	2026-05-05 22:02:32	5	1	1	0
       29	2026-05-05 22:02:39	5	1	1	0
      121	2026-05-05 22:02:47	5	1	1	0
       76	2026-05-05 22:02:54	5	1	1	0
        8	2026-05-06 07:11:59	5	0	1	0
       17	2026-05-06 07:12:07	5	0	1	0
      147	2026-05-06 07:36:23	5	0	1	0
        7	2026-05-06 08:05:06	5	0	1	0
       19	2026-05-06 08:15:49	5	0	1	0
      111	2026-05-06 08:18:15	5	0	1	0
       15	2026-05-06 08:18:20	5	0	1	0
       76	2026-05-06 08:18:27	5	0	1	0
      121	2026-05-06 08:24:39	5	0	1	0
       86	2026-05-06 08:26:11	5	0	1	0
       11	2026-05-06 08:26:32	5	0	1	0
       58	2026-05-06 08:26:50	5	0	1	0
       58	2026-05-06 08:26:53	5	0	1	0
      666	2026-05-06 08:27:21	5	0	1	0
       61	2026-05-06 08:27:59	5	0	1	0
      123	2026-05-06 08:28:07	5	0	1	0
      114	2026-05-06 08:28:24	5	0	1	0
       44	2026-05-06 08:28:55	5	0	1	0
       29	2026-05-06 08:30:10	5	0	1	0
       27	2026-05-06 08:32:09	5	0	1	0
      120	2026-05-06 08:32:24	5	0	1	0
       85	2026-05-06 08:32:30	5	0	1	0
       45	2026-05-06 08:33:00	5	0	1	0
     5555	2026-05-06 08:35:36	5	0	1	0
      145	2026-05-06 08:39:38	5	0	1	0
       68	2026-05-06 08:43:50	5	0	1	0
       30	2026-05-06 10:16:32	5	0	1	0
     5555	2026-05-06 16:57:14	5	0	1	0
        8	2026-05-06 20:17:54	5	1	1	0
       27	2026-05-06 22:00:08	5	1	1	0
       68	2026-05-06 22:00:34	5	1	1	0
      145	2026-05-06 22:00:41	5	1	1	0
       85	2026-05-06 22:00:53	5	1	1	0
       17	2026-05-06 22:00:59	5	1	1	0
      147	2026-05-06 22:01:03	5	1	1	0
       19	2026-05-06 22:01:06	5	1	1	0
       58	2026-05-06 22:01:12	5	1	1	0
       76	2026-05-06 22:01:17	5	1	1	0
      123	2026-05-06 22:01:23	5	1	1	0
       29	2026-05-06 22:01:31	5	1	1	0
      114	2026-05-06 22:01:37	5	1	1	0
       15	2026-05-06 22:01:43	5	1	1	0
      111	2026-05-06 22:01:49	5	1	1	0
       30	2026-05-06 22:01:58	5	1	1	0
       61	2026-05-06 22:02:05	5	1	1	0
       44	2026-05-06 22:02:14	5	1	1	0
       86	2026-05-06 22:02:24	5	1	1	0
       45	2026-05-06 22:02:30	5	1	1	0
      120	2026-05-06 22:02:39	5	1	1	0
      121	2026-05-06 22:03:09	5	1	1	0
       11	2026-05-06 22:03:16	5	1	1	0
       17	2026-05-07 07:02:46	5	0	1	0
        8	2026-05-07 07:24:40	5	0	1	0
      147	2026-05-07 07:32:20	5	0	1	0
      666	2026-05-07 08:01:53	5	0	1	0
        7	2026-05-07 08:07:51	5	0	1	0
        6	2026-05-07 08:08:00	5	0	1	0
       61	2026-05-07 08:08:22	5	0	1	0
       15	2026-05-07 08:13:57	5	0	1	0
       19	2026-05-07 08:14:39	5	0	1	0
       58	2026-05-07 08:21:12	5	0	1	0
       58	2026-05-07 08:21:16	5	0	1	0
      111	2026-05-07 08:21:33	5	0	1	0
       76	2026-05-07 08:24:40	5	0	1	0
       27	2026-05-07 08:25:10	5	0	1	0
       18	2026-05-07 08:26:13	5	0	1	0
      120	2026-05-07 08:26:22	5	0	1	0
       44	2026-05-07 08:27:00	5	0	1	0
      123	2026-05-07 08:28:43	5	0	1	0
       16	2026-05-07 08:29:37	5	0	1	0
      146	2026-05-07 08:30:04	5	0	1	0
      121	2026-05-07 08:30:35	5	0	1	0
       29	2026-05-07 08:30:42	5	0	1	0
       45	2026-05-07 08:31:03	5	0	1	0
     5555	2026-05-07 08:31:55	5	0	1	0
       85	2026-05-07 08:34:14	5	0	1	0
       86	2026-05-07 08:34:39	5	0	1	0
       11	2026-05-07 08:34:45	5	0	1	0
      145	2026-05-07 08:37:14	5	0	1	0
       68	2026-05-07 08:39:34	5	0	1	0
       30	2026-05-07 08:40:52	5	0	1	0
     5555	2026-05-07 18:15:53	5	1	1	0
       58	2026-05-07 22:00:13	5	1	1	0
       61	2026-05-07 22:00:26	5	1	1	0
       18	2026-05-07 22:00:33	5	1	1	0
       16	2026-05-07 22:00:42	5	1	1	0
       44	2026-05-07 22:00:55	5	1	1	0
       27	2026-05-07 22:01:00	5	1	1	0
        7	2026-05-07 22:01:06	5	1	1	0
      123	2026-05-07 22:01:11	5	1	1	0
      146	2026-05-07 22:01:16	5	1	1	0
       19	2026-05-07 22:01:20	5	1	1	0
      147	2026-05-07 22:01:25	5	1	1	0
       29	2026-05-07 22:01:29	5	1	1	0
       68	2026-05-07 22:01:34	5	1	1	0
       30	2026-05-07 22:01:44	5	1	1	0
       85	2026-05-07 22:01:51	5	1	1	0
       17	2026-05-07 22:01:56	5	1	1	0
      666	2026-05-07 22:02:01	5	1	1	0
      111	2026-05-07 22:02:07	5	1	1	0
      120	2026-05-07 22:02:15	5	1	1	0
        6	2026-05-07 22:02:21	5	1	1	0
      145	2026-05-07 22:02:30	5	1	1	0
       45	2026-05-07 22:02:38	5	1	1	0
      121	2026-05-07 22:02:54	5	1	1	0
       11	2026-05-07 22:03:01	5	1	1	0
       76	2026-05-07 22:03:08	5	1	1	0
       86	2026-05-07 22:03:19	5	1	1	0
       17	2026-05-08 06:54:12	5	0	1	0
        8	2026-05-08 07:09:40	5	0	1	0
        7	2026-05-08 07:14:17	5	0	1	0
      147	2026-05-08 07:20:49	5	0	1	0
      666	2026-05-08 08:12:19	5	0	1	0
       58	2026-05-08 08:13:20	5	0	1	0
       58	2026-05-08 08:13:23	5	0	1	0
       15	2026-05-08 08:15:37	5	0	1	0
        6	2026-05-08 08:20:51	5	0	1	0
       76	2026-05-08 08:21:01	5	0	1	0
       19	2026-05-08 08:22:03	5	0	1	0
      121	2026-05-08 08:22:42	5	0	1	0
      111	2026-05-08 08:24:14	5	0	1	0
       86	2026-05-08 08:24:23	5	0	1	0
       11	2026-05-08 08:24:32	5	0	1	0
       27	2026-05-08 08:25:17	5	0	1	0
      120	2026-05-08 08:25:59	5	0	1	0
      123	2026-05-08 08:28:21	5	0	1	0
       16	2026-05-08 08:28:28	5	0	1	0
       18	2026-05-08 08:28:47	5	0	1	0
      146	2026-05-08 08:30:42	5	0	1	0
       45	2026-05-08 08:31:21	5	0	1	0
       44	2026-05-08 08:33:21	5	0	1	0
       85	2026-05-08 08:35:01	5	0	1	0
      145	2026-05-08 08:37:31	5	0	1	0
     5555	2026-05-08 08:39:22	5	0	1	0
      114	2026-05-08 08:43:00	5	0	1	0
       30	2026-05-08 08:45:05	5	0	1	0
     5555	2026-05-08 15:43:38	5	0	1	0
        8	2026-05-08 20:18:09	5	1	1	0
       58	2026-05-08 21:29:36	5	1	1	0
       16	2026-05-08 22:00:02	5	1	1	0
       30	2026-05-08 22:00:08	5	1	1	0
      123	2026-05-08 22:00:15	5	1	1	0
      146	2026-05-08 22:00:21	5	1	1	0
      145	2026-05-08 22:00:28	5	1	1	0
      121	2026-05-08 22:00:34	5	1	1	0
       44	2026-05-08 22:00:42	5	1	1	0
       17	2026-05-08 22:00:48	5	1	1	0
      147	2026-05-08 22:00:52	5	1	1	0
       76	2026-05-08 22:00:57	5	1	1	0
       27	2026-05-08 22:01:02	5	1	1	0
       19	2026-05-08 22:01:11	5	1	1	0
      120	2026-05-08 22:01:15	5	1	1	0
        7	2026-05-08 22:01:20	5	1	1	0
       85	2026-05-08 22:01:24	5	1	1	0
       11	2026-05-08 22:01:30	5	1	1	0
      666	2026-05-08 22:01:36	5	1	1	0
      114	2026-05-08 22:01:41	5	1	1	0
       15	2026-05-08 22:01:46	5	1	1	0
       18	2026-05-08 22:01:56	5	1	1	0
        6	2026-05-08 22:02:05	5	1	1	0
       45	2026-05-08 22:02:10	5	1	1	0
       86	2026-05-08 22:02:27	5	1	1	0
      147	2026-05-09 07:26:40	5	0	1	0
        8	2026-05-09 07:32:21	5	0	1	0
       17	2026-05-09 07:33:15	5	0	1	0
        7	2026-05-09 07:33:40	5	0	1	0
       18	2026-05-09 07:51:24	5	0	1	0
      111	2026-05-09 08:01:01	5	0	1	0
        6	2026-05-09 08:14:30	5	0	1	0
      146	2026-05-09 08:15:03	5	0	1	0
       19	2026-05-09 08:17:14	5	0	1	0
       61	2026-05-09 08:22:04	5	0	1	0
       76	2026-05-09 08:22:50	5	0	1	0
      121	2026-05-09 08:23:35	5	0	1	0
      123	2026-05-09 08:24:17	5	0	1	0
       15	2026-05-09 08:24:50	5	0	1	0
       86	2026-05-09 08:25:37	5	0	1	0
       11	2026-05-09 08:25:53	5	0	1	0
       27	2026-05-09 08:25:59	5	0	1	0
       29	2026-05-09 08:26:15	5	0	1	0
       45	2026-05-09 08:27:01	5	0	1	0
     5555	2026-05-09 08:28:18	5	0	1	0
       16	2026-05-09 08:29:27	5	0	1	0
       44	2026-05-09 08:31:00	5	0	1	0
       85	2026-05-09 08:33:49	5	0	1	0
      114	2026-05-09 08:34:35	5	0	1	0
      145	2026-05-09 08:38:16	5	0	1	0
       30	2026-05-09 08:46:15	5	0	1	0
     5555	2026-05-09 18:00:02	5	1	1	0
       30	2026-05-09 22:00:07	5	1	1	0
        7	2026-05-09 22:00:12	5	1	1	0
       18	2026-05-09 22:00:17	5	1	1	0
       17	2026-05-09 22:00:23	5	1	1	0
      145	2026-05-09 22:00:28	5	1	1	0
      146	2026-05-09 22:00:33	5	1	1	0
       16	2026-05-09 22:00:41	5	1	1	0
      147	2026-05-09 22:00:46	5	1	1	0
       15	2026-05-09 22:00:52	5	1	1	0
        6	2026-05-09 22:00:57	5	1	1	0
       29	2026-05-09 22:01:02	5	1	1	0
       27	2026-05-09 22:01:09	5	1	1	0
      123	2026-05-09 22:01:14	5	1	1	0
       85	2026-05-09 22:01:20	5	1	1	0
       68	2026-05-09 22:01:26	5	1	1	0
       61	2026-05-09 22:01:31	5	1	1	0
      120	2026-05-09 22:01:35	5	1	1	0
       76	2026-05-09 22:01:41	5	1	1	0
       45	2026-05-09 22:01:46	5	1	1	0
      114	2026-05-09 22:01:51	5	1	1	0
      121	2026-05-09 22:01:56	5	1	1	0
       11	2026-05-09 22:02:03	5	1	1	0
       86	2026-05-09 22:02:09	5	1	1	0
        8	2026-05-10 07:17:22	5	0	1	0
       17	2026-05-10 07:19:22	5	0	1	0
      147	2026-05-10 07:19:33	5	0	1	0
        7	2026-05-10 07:30:09	5	0	1	0
       18	2026-05-10 07:44:23	5	0	1	0
      666	2026-05-10 08:01:54	5	0	1	0
       61	2026-05-10 08:06:11	5	0	1	0
       15	2026-05-10 08:10:33	5	0	1	0
       76	2026-05-10 08:14:21	5	0	1	0
        6	2026-05-10 08:15:00	5	0	1	0
      111	2026-05-10 08:16:08	5	0	1	0
      123	2026-05-10 08:20:51	5	0	1	0
       27	2026-05-10 08:22:13	5	0	1	0
      120	2026-05-10 08:22:32	5	0	1	0
      146	2026-05-10 08:24:19	5	0	1	0
       45	2026-05-10 08:24:54	5	0	1	0
       19	2026-05-10 08:25:05	5	0	1	0
       29	2026-05-10 08:26:17	5	0	1	0
       44	2026-05-10 08:26:24	5	0	1	0
     5555	2026-05-10 08:27:01	5	0	1	0
       16	2026-05-10 08:28:53	5	0	1	0
      121	2026-05-10 08:29:17	5	0	1	0
       30	2026-05-10 08:31:35	5	0	1	0
       85	2026-05-10 08:33:03	5	0	1	0
      114	2026-05-10 08:35:00	5	0	1	0
       68	2026-05-10 08:38:24	5	0	1	0
       86	2026-05-10 08:39:46	5	0	1	0
       11	2026-05-10 08:39:56	5	0	1	0
     5555	2026-05-10 18:04:13	5	1	1	0
        8	2026-05-10 20:26:40	5	1	1	0
       19	2026-05-10 22:00:04	5	1	1	0
        7	2026-05-10 22:00:18	5	1	1	0
      147	2026-05-10 22:00:26	5	1	1	0
      145	2026-05-10 22:00:34	5	1	1	0
       17	2026-05-10 22:00:43	5	1	1	0
       85	2026-05-10 22:00:59	5	1	1	0
       18	2026-05-10 22:01:04	5	1	1	0
       15	2026-05-10 22:01:13	5	1	1	0
       29	2026-05-10 22:01:19	5	1	1	0
      123	2026-05-10 22:01:24	5	1	1	0
      111	2026-05-10 22:01:29	5	1	1	0
      114	2026-05-10 22:01:34	5	1	1	0
      146	2026-05-10 22:01:41	5	1	1	0
       68	2026-05-10 22:01:48	5	1	1	0
       27	2026-05-10 22:01:54	5	1	1	0
       44	2026-05-10 22:02:01	5	1	1	0
      666	2026-05-10 22:02:09	5	1	1	0
        6	2026-05-10 22:02:32	5	1	1	0
       76	2026-05-10 22:05:28	5	1	1	0
       61	2026-05-10 22:07:40	5	1	1	0
       30	2026-05-10 22:07:56	5	1	1	0
      121	2026-05-10 22:08:36	5	1	1	0
       11	2026-05-10 22:09:42	5	1	1	0
       61	2026-05-10 22:10:02	5	1	1	0
       16	2026-05-10 22:10:10	5	1	1	0
       88	2026-05-10 22:10:19	5	1	1	0
       45	2026-05-10 22:11:20	5	1	1	0
       17	2026-05-11 07:10:27	5	0	1	0
      147	2026-05-11 07:36:42	5	0	1	0
        8	2026-05-11 07:37:55	5	0	1	0
       18	2026-05-11 07:53:43	5	0	1	0
       61	2026-05-11 08:00:35	5	0	1	0
        7	2026-05-11 08:04:58	5	0	1	0
       76	2026-05-11 08:07:32	5	0	1	0
       15	2026-05-11 08:11:15	5	0	1	0
        6	2026-05-11 08:18:54	5	0	1	0
       58	2026-05-11 08:19:09	5	0	1	0
      111	2026-05-11 08:19:58	5	0	1	0
      114	2026-05-11 08:20:48	5	0	1	0
       86	2026-05-11 08:21:02	5	0	1	0
       11	2026-05-11 08:21:14	5	0	1	0
      123	2026-05-11 08:21:58	5	0	1	0
      666	2026-05-11 08:22:02	5	0	1	0
       27	2026-05-11 08:22:49	5	0	1	0
      146	2026-05-11 08:25:15	5	0	1	0
       45	2026-05-11 08:27:24	5	0	1	0
       16	2026-05-11 08:29:18	5	0	1	0
       44	2026-05-11 08:31:43	5	0	1	0
       29	2026-05-11 08:32:00	5	0	1	0
      121	2026-05-11 08:32:09	5	0	1	0
      145	2026-05-11 08:36:11	5	0	1	0
       85	2026-05-11 08:37:33	5	0	1	0
       68	2026-05-11 08:43:52	5	0	1	0
        8	2026-05-11 20:08:31	5	1	1	0
       58	2026-05-11 21:34:26	5	1	1	0
       19	2026-05-11 22:00:02	5	1	1	0
       15	2026-05-11 22:00:08	5	1	1	0
       17	2026-05-11 22:00:14	5	1	1	0
        7	2026-05-11 22:00:24	5	1	1	0
       18	2026-05-11 22:00:39	5	1	1	0
      146	2026-05-11 22:00:44	5	1	1	0
      666	2026-05-11 22:00:49	5	1	1	0
      147	2026-05-11 22:00:59	5	1	1	0
      145	2026-05-11 22:01:04	5	1	1	0
       29	2026-05-11 22:01:10	5	1	1	0
      123	2026-05-11 22:01:17	5	1	1	0
      114	2026-05-11 22:01:23	5	1	1	0
      111	2026-05-11 22:01:29	5	1	1	0
       27	2026-05-11 22:01:35	5	1	1	0
       16	2026-05-11 22:01:41	5	1	1	0
       44	2026-05-11 22:01:51	5	1	1	0
       85	2026-05-11 22:01:55	5	1	1	0
       45	2026-05-11 22:02:02	5	1	1	0
       68	2026-05-11 22:02:07	5	1	1	0
       76	2026-05-11 22:02:13	5	1	1	0
       11	2026-05-11 22:02:18	5	1	1	0
      121	2026-05-11 22:02:26	5	1	1	0
       86	2026-05-11 22:03:10	5	1	1	0
       61	2026-05-11 22:03:23	5	1	1	0
        6	2026-05-11 22:03:33	5	1	1	0
       45	2026-05-11 22:03:40	5	1	1	0
       61	2026-05-11 22:03:54	5	1	1	0
       17	2026-05-12 07:24:20	5	0	1	0
        8	2026-05-12 07:25:27	5	0	1	0
        7	2026-05-12 07:28:05	5	0	1	0
      147	2026-05-12 07:30:56	5	0	1	0
      666	2026-05-12 08:08:17	5	0	1	0
      114	2026-05-12 08:08:24	5	0	1	0
      111	2026-05-12 08:19:49	5	0	1	0
        6	2026-05-12 08:19:56	5	0	1	0
       86	2026-05-12 08:21:08	5	0	1	0
       29	2026-05-12 08:21:14	5	0	1	0
      146	2026-05-12 08:21:21	5	0	1	0
       15	2026-05-12 08:23:52	5	0	1	0
       58	2026-05-12 08:26:28	5	0	1	0
       76	2026-05-12 08:26:32	5	0	1	0
      121	2026-05-12 08:26:38	5	0	1	0
       27	2026-05-12 08:28:30	5	0	1	0
       44	2026-05-12 08:28:40	5	0	1	0
      120	2026-05-12 08:28:53	5	0	1	0
     5555	2026-05-12 08:29:26	5	0	1	0
       16	2026-05-12 08:29:31	5	0	1	0
       61	2026-05-12 08:30:31	5	0	1	0
      123	2026-05-12 08:30:39	5	0	1	0
       45	2026-05-12 08:31:20	5	0	1	0
       30	2026-05-12 08:34:26	5	0	1	0
       68	2026-05-12 08:36:46	5	0	1	0
       85	2026-05-12 08:39:44	5	0	1	0
     5555	2026-05-12 18:00:04	5	1	1	0
        8	2026-05-12 20:22:25	5	1	1	0
       30	2026-05-12 22:00:03	5	1	1	0
       27	2026-05-12 22:00:09	5	1	1	0
        7	2026-05-12 22:00:16	5	1	1	0
      147	2026-05-12 22:00:27	5	1	1	0
      146	2026-05-12 22:00:33	5	1	1	0
       68	2026-05-12 22:00:38	5	1	1	0
       61	2026-05-12 22:00:44	5	1	1	0
        6	2026-05-12 22:00:51	5	1	1	0
       29	2026-05-12 22:00:57	5	1	1	0
      666	2026-05-12 22:01:02	5	1	1	0
      111	2026-05-12 22:01:09	5	1	1	0
       15	2026-05-12 22:01:15	5	1	1	0
      114	2026-05-12 22:01:21	5	1	1	0
      123	2026-05-12 22:01:26	5	1	1	0
      120	2026-05-12 22:01:33	5	1	1	0
       17	2026-05-12 22:01:39	5	1	1	0
       58	2026-05-12 22:01:44	5	1	1	0
       85	2026-05-12 22:01:55	5	1	1	0
       44	2026-05-12 22:02:04	5	1	1	0
       16	2026-05-12 22:02:10	5	1	1	0
      121	2026-05-12 22:02:23	5	1	1	0
       76	2026-05-12 22:02:47	5	1	1	0
       45	2026-05-12 22:45:57	5	1	1	0
       86	2026-05-12 22:46:17	5	1	1	0
       17	2026-05-13 07:21:30	5	0	1	0
      147	2026-05-13 07:22:06	5	0	1	0
       18	2026-05-13 07:59:30	5	0	1	0
        7	2026-05-13 07:59:46	5	0	1	0
       11	2026-05-13 08:03:38	5	0	1	0
       61	2026-05-13 08:09:30	5	0	1	0
       61	2026-05-13 08:10:30	5	0	1	0
       58	2026-05-13 08:16:20	5	0	1	0
      123	2026-05-13 08:17:49	5	0	1	0
       15	2026-05-13 08:19:34	5	0	1	0
     5555	2026-05-13 08:22:36	5	0	1	0
       19	2026-05-13 08:22:50	5	0	1	0
       86	2026-05-13 08:23:00	5	0	1	0
      114	2026-05-13 08:23:29	5	0	1	0
      666	2026-05-13 08:23:45	5	0	1	0
       27	2026-05-13 08:25:54	5	0	1	0
      120	2026-05-13 08:26:17	5	0	1	0
       29	2026-05-13 08:30:08	5	0	1	0
       76	2026-05-13 08:30:15	5	0	1	0
       16	2026-05-13 08:30:37	5	0	1	0
       45	2026-05-13 08:30:58	5	0	1	0
      146	2026-05-13 08:32:10	5	0	1	0
       30	2026-05-13 08:32:29	5	0	1	0
       44	2026-05-13 08:33:01	5	0	1	0
       68	2026-05-13 08:37:27	5	0	1	0
      145	2026-05-13 08:37:45	5	0	1	0
     5555	2026-05-13 18:10:26	5	1	1	0
       17	2026-05-13 22:00:02	5	1	1	0
      666	2026-05-13 22:00:06	5	1	1	0
       29	2026-05-13 22:00:13	5	1	1	0
       18	2026-05-13 22:00:19	5	1	1	0
      120	2026-05-13 22:00:26	5	1	1	0
      147	2026-05-13 22:00:31	5	1	1	0
      145	2026-05-13 22:00:37	5	1	1	0
       16	2026-05-13 22:00:42	5	1	1	0
        7	2026-05-13 22:00:49	5	1	1	0
      146	2026-05-13 22:00:55	5	1	1	0
      114	2026-05-13 22:01:00	5	1	1	0
       15	2026-05-13 22:01:05	5	1	1	0
      123	2026-05-13 22:01:10	5	1	1	0
       68	2026-05-13 22:01:16	5	1	1	0
       27	2026-05-13 22:01:22	5	1	1	0
       58	2026-05-13 22:02:02	5	1	1	0
       76	2026-05-13 22:02:28	5	1	1	0
       61	2026-05-13 22:02:39	5	1	1	0
       61	2026-05-13 22:02:47	5	1	1	0
       76	2026-05-13 22:14:07	5	1	1	0
       30	2026-05-13 22:14:14	5	1	1	0
       11	2026-05-13 22:14:28	5	1	1	0
       45	2026-05-13 22:14:35	5	1	1	0
       86	2026-05-13 22:14:52	5	1	1	0
       17	2026-05-14 07:16:17	5	0	1	0
        8	2026-05-14 07:20:47	5	0	1	0
      147	2026-05-14 07:35:47	5	0	1	0
        7	2026-05-14 07:36:16	5	0	1	0
       18	2026-05-14 07:45:55	5	0	1	0
       58	2026-05-14 07:53:03	5	0	1	0
      114	2026-05-14 08:11:18	5	0	1	0
      666	2026-05-14 08:11:23	5	0	1	0
      111	2026-05-14 08:13:33	5	0	1	0
       15	2026-05-14 08:13:39	5	0	1	0
       76	2026-05-14 08:17:21	5	0	1	0
        6	2026-05-14 08:17:27	5	0	1	0
       61	2026-05-14 08:17:34	5	0	1	0
       61	2026-05-14 08:17:56	5	0	1	0
       19	2026-05-14 08:18:20	5	0	1	0
       86	2026-05-14 08:19:03	5	0	1	0
      123	2026-05-14 08:19:20	5	0	1	0
       11	2026-05-14 08:19:30	5	0	1	0
       27	2026-05-14 08:21:12	5	0	1	0
      120	2026-05-14 08:21:34	5	0	1	0
     5555	2026-05-14 08:22:47	5	0	1	0
       29	2026-05-14 08:26:17	5	0	1	0
      146	2026-05-14 08:26:42	5	0	1	0
      121	2026-05-14 08:28:58	5	0	1	0
       45	2026-05-14 08:29:31	5	0	1	0
       16	2026-05-14 08:29:52	5	0	1	0
       44	2026-05-14 08:30:26	5	0	1	0
       30	2026-05-14 08:31:58	5	0	1	0
       85	2026-05-14 08:32:24	5	0	1	0
      145	2026-05-14 08:33:17	5	0	1	0
       68	2026-05-14 08:39:48	5	0	1	0
     5555	2026-05-14 18:03:27	5	1	1	0
        8	2026-05-14 20:18:08	5	1	1	0
       85	2026-05-14 22:00:08	5	1	1	0
       61	2026-05-14 22:00:15	5	1	1	0
       18	2026-05-14 22:00:22	5	1	1	0
       19	2026-05-14 22:00:27	5	1	1	0
      145	2026-05-14 22:00:32	5	1	1	0
      123	2026-05-14 22:00:42	5	1	1	0
      146	2026-05-14 22:00:46	5	1	1	0
        7	2026-05-14 22:00:51	5	1	1	0
       68	2026-05-14 22:00:54	5	1	1	0
      147	2026-05-14 22:01:00	5	1	1	0
       17	2026-05-14 22:01:06	5	1	1	0
      666	2026-05-14 22:01:09	5	1	1	0
      114	2026-05-14 22:01:12	5	1	1	0
       29	2026-05-14 22:01:20	5	1	1	0
      120	2026-05-14 22:01:29	5	1	1	0
       27	2026-05-14 22:01:35	5	1	1	0
        6	2026-05-14 22:01:41	5	1	1	0
       16	2026-05-14 22:01:47	5	1	1	0
       44	2026-05-14 22:01:52	5	1	1	0
       76	2026-05-14 22:02:25	5	1	1	0
      111	2026-05-14 22:02:38	5	1	1	0
       15	2026-05-14 22:02:47	5	1	1	0
       58	2026-05-14 22:04:02	5	1	1	0
       30	2026-05-14 22:15:03	5	1	1	0
       86	2026-05-14 22:15:19	5	1	1	0
       11	2026-05-14 22:16:33	5	1	1	0
      121	2026-05-14 22:28:00	5	1	1	0
       45	2026-05-14 22:31:53	5	1	1	0
       17	2026-05-15 07:16:01	5	0	1	0
        8	2026-05-15 07:17:18	5	0	1	0
        7	2026-05-15 08:00:05	5	0	1	0
       86	2026-05-15 08:06:37	5	0	1	0
       15	2026-05-15 08:16:01	5	0	1	0
        6	2026-05-15 08:16:14	5	0	1	0
      114	2026-05-15 08:17:07	5	0	1	0
      666	2026-05-15 08:17:24	5	0	1	0
     5555	2026-05-15 08:17:37	5	0	1	0
      123	2026-05-15 08:19:29	5	0	1	0
       27	2026-05-15 08:19:36	5	0	1	0
      120	2026-05-15 08:19:56	5	0	1	0
       61	2026-05-15 08:20:12	5	0	1	0
       58	2026-05-15 08:22:51	5	0	1	0
       76	2026-05-15 08:25:01	5	0	1	0
       19	2026-05-15 08:28:21	5	0	1	0
      146	2026-05-15 08:28:56	5	0	1	0
      121	2026-05-15 08:30:17	5	0	1	0
       29	2026-05-15 08:30:42	5	0	1	0
       16	2026-05-15 08:31:01	5	0	1	0
       44	2026-05-15 08:31:11	5	0	1	0
      145	2026-05-15 08:33:26	5	0	1	0
       85	2026-05-15 08:33:52	5	0	1	0
       30	2026-05-15 08:38:47	5	0	1	0
       18	2026-05-15 08:46:48	5	0	1	0
       68	2026-05-15 08:47:53	5	0	1	0
     5555	2026-05-15 18:12:35	5	1	1	0
        8	2026-05-15 20:09:51	5	1	1	0
       30	2026-05-15 22:00:07	5	1	1	0
       16	2026-05-15 22:00:12	5	1	1	0
      145	2026-05-15 22:00:18	5	1	1	0
       18	2026-05-15 22:00:27	5	1	1	0
       85	2026-05-15 22:00:33	5	1	1	0
        7	2026-05-15 22:00:43	5	1	1	0
       15	2026-05-15 22:00:49	5	1	1	0
       19	2026-05-15 22:00:53	5	1	1	0
       17	2026-05-15 22:00:58	5	1	1	0
      123	2026-05-15 22:01:02	5	1	1	0
      146	2026-05-15 22:01:06	5	1	1	0
      114	2026-05-15 22:01:09	5	1	1	0
       44	2026-05-15 22:01:13	5	1	1	0
       27	2026-05-15 22:01:18	5	1	1	0
        6	2026-05-15 22:01:24	5	1	1	0
       45	2026-05-15 22:01:29	5	1	1	0
       29	2026-05-15 22:01:34	5	1	1	0
       68	2026-05-15 22:01:39	5	1	1	0
      666	2026-05-15 22:01:42	5	1	1	0
       86	2026-05-15 22:01:52	5	1	1	0
      120	2026-05-15 22:01:58	5	1	1	0
       61	2026-05-15 22:02:03	5	1	1	0
       76	2026-05-15 22:02:12	5	1	1	0
      121	2026-05-15 22:02:24	5	1	1	0
      147	2026-05-16 07:16:45	5	0	1	0
       17	2026-05-16 07:16:56	5	0	1	0
        8	2026-05-16 07:17:35	5	0	1	0
      111	2026-05-16 07:57:39	5	0	1	0
       18	2026-05-16 07:58:44	5	0	1	0
       61	2026-05-16 07:59:47	5	0	1	0
        6	2026-05-16 08:08:40	5	0	1	0
       19	2026-05-16 08:11:44	5	0	1	0
       76	2026-05-16 08:12:03	5	0	1	0
       61	2026-05-16 08:12:22	5	0	1	0
      146	2026-05-16 08:13:09	5	0	1	0
        7	2026-05-16 08:13:37	5	0	1	0
      123	2026-05-16 08:14:08	5	0	1	0
     5555	2026-05-16 08:17:28	5	0	1	0
      114	2026-05-16 08:20:13	5	0	1	0
      666	2026-05-16 08:20:27	5	0	1	0
       27	2026-05-16 08:20:38	5	0	1	0
      120	2026-05-16 08:21:05	5	0	1	0
       86	2026-05-16 08:26:54	5	0	1	0
       11	2026-05-16 08:28:27	5	0	1	0
       16	2026-05-16 08:28:36	5	0	1	0
       58	2026-05-16 08:29:08	5	0	1	0
       85	2026-05-16 08:29:20	5	0	1	0
       29	2026-05-16 08:30:36	5	0	1	0
       44	2026-05-16 08:32:42	5	0	1	0
       15	2026-05-16 08:33:04	5	0	1	0
      121	2026-05-16 08:34:28	5	0	1	0
      145	2026-05-16 08:41:04	5	0	1	0
       68	2026-05-16 08:43:47	5	0	1	0
       30	2026-05-16 09:06:56	5	0	1	0
     5555	2026-05-16 18:33:15	5	1	1	0
        8	2026-05-16 20:02:35	5	1	1	0
       18	2026-05-16 22:00:04	5	1	1	0
      666	2026-05-16 22:00:12	5	1	1	0
       15	2026-05-16 22:00:19	5	1	1	0
      147	2026-05-16 22:00:28	5	1	1	0
        7	2026-05-16 22:00:33	5	1	1	0
      145	2026-05-16 22:00:41	5	1	1	0
       29	2026-05-16 22:00:46	5	1	1	0
       19	2026-05-16 22:00:52	5	1	1	0
      146	2026-05-16 22:00:55	5	1	1	0
       85	2026-05-16 22:01:00	5	1	1	0
       17	2026-05-16 22:01:07	5	1	1	0
       68	2026-05-16 22:01:12	5	1	1	0
      123	2026-05-16 22:01:17	5	1	1	0
      120	2026-05-16 22:01:23	5	1	1	0
      111	2026-05-16 22:01:28	5	1	1	0
       27	2026-05-16 22:01:33	5	1	1	0
      114	2026-05-16 22:01:39	5	1	1	0
       58	2026-05-16 22:01:44	5	1	1	0
       16	2026-05-16 22:01:49	5	1	1	0
      121	2026-05-16 22:02:13	5	1	1	0
        6	2026-05-16 22:02:24	5	1	1	0
       44	2026-05-16 22:02:31	5	1	1	0
       76	2026-05-16 22:02:36	5	1	1	0
       30	2026-05-16 22:02:41	5	1	1	0
       11	2026-05-16 22:02:48	5	1	1	0
       86	2026-05-16 22:02:55	5	1	1	0
       61	2026-05-16 22:04:19	5	1	1	0
        8	2026-05-17 07:23:32	5	0	1	0
       17	2026-05-17 07:23:43	5	0	1	0
      147	2026-05-17 07:30:00	5	0	1	0
       18	2026-05-17 07:41:50	5	0	1	0
       61	2026-05-17 08:10:39	5	0	1	0
       61	2026-05-17 08:10:48	5	0	1	0
       19	2026-05-17 08:16:08	5	0	1	0
     5555	2026-05-17 08:17:52	5	0	1	0
      114	2026-05-17 08:20:03	5	0	1	0
       76	2026-05-17 08:20:43	5	0	1	0
       27	2026-05-17 08:20:48	5	0	1	0
        6	2026-05-17 08:20:56	5	0	1	0
       58	2026-05-17 08:21:04	5	0	1	0
      120	2026-05-17 08:21:19	5	0	1	0
       58	2026-05-17 08:21:25	5	0	1	0
       86	2026-05-17 08:22:17	5	0	1	0
       11	2026-05-17 08:23:17	5	0	1	0
      111	2026-05-17 08:23:54	5	0	1	0
       15	2026-05-17 08:24:54	5	0	1	0
        7	2026-05-17 08:26:24	5	0	1	0
       45	2026-05-17 08:27:14	5	0	1	0
      123	2026-05-17 08:28:07	5	0	1	0
       16	2026-05-17 08:29:12	5	0	1	0
       85	2026-05-17 08:30:28	5	0	1	0
       29	2026-05-17 08:31:54	5	0	1	0
       44	2026-05-17 08:32:10	5	0	1	0
      146	2026-05-17 08:32:33	5	0	1	0
       30	2026-05-17 08:32:57	5	0	1	0
      145	2026-05-17 08:34:05	5	0	1	0
       68	2026-05-17 08:41:27	5	0	1	0
      666	2026-05-17 08:42:41	5	0	1	0
     5555	2026-05-17 18:08:28	5	1	1	0
        8	2026-05-17 20:21:30	5	1	1	0
       27	2026-05-17 22:00:05	5	1	1	0
       19	2026-05-17 22:00:10	5	1	1	0
      123	2026-05-17 22:00:14	5	1	1	0
      666	2026-05-17 22:00:17	5	1	1	0
      147	2026-05-17 22:00:22	5	1	1	0
      146	2026-05-17 22:00:26	5	1	1	0
      145	2026-05-17 22:00:30	5	1	1	0
       16	2026-05-17 22:00:36	5	1	1	0
       15	2026-05-17 22:00:41	5	1	1	0
       68	2026-05-17 22:00:47	5	1	1	0
       17	2026-05-17 22:00:52	5	1	1	0
      114	2026-05-17 22:00:55	5	1	1	0
       58	2026-05-17 22:01:00	5	1	1	0
        7	2026-05-17 22:01:08	5	1	1	0
      111	2026-05-17 22:01:13	5	1	1	0
       85	2026-05-17 22:01:17	5	1	1	0
        6	2026-05-17 22:01:22	5	1	1	0
      120	2026-05-17 22:01:25	5	1	1	0
       45	2026-05-17 22:01:31	5	1	1	0
       29	2026-05-17 22:01:36	5	1	1	0
       61	2026-05-17 22:01:42	5	1	1	0
       18	2026-05-17 22:01:48	5	1	1	0
       86	2026-05-17 22:01:57	5	1	1	0
       11	2026-05-17 22:02:08	5	1	1	0
       76	2026-05-17 22:02:15	5	1	1	0
       44	2026-05-17 22:02:19	5	1	1	0
       30	2026-05-17 22:02:30	5	1	1	0
       17	2026-05-18 07:25:19	5	0	1	0
        8	2026-05-18 07:25:54	5	0	1	0
      147	2026-05-18 07:26:10	5	0	1	0
       45	2026-05-18 07:56:50	5	0	1	0
       18	2026-05-18 07:59:24	5	0	1	0
        7	2026-05-18 08:01:20	5	0	1	0
        6	2026-05-18 08:01:39	5	0	1	0
       19	2026-05-18 08:14:31	5	0	1	0
       58	2026-05-18 08:19:29	5	0	1	0
       27	2026-05-18 08:19:36	5	0	1	0
      114	2026-05-18 08:25:17	5	0	1	0
      666	2026-05-18 08:25:26	5	0	1	0
       76	2026-05-18 08:26:41	5	0	1	0
      146	2026-05-18 08:27:22	5	0	1	0
      123	2026-05-18 08:27:57	5	0	1	0
       44	2026-05-18 08:28:23	5	0	1	0
      111	2026-05-18 08:28:40	5	0	1	0
       29	2026-05-18 08:30:56	5	0	1	0
       11	2026-05-18 08:32:00	5	0	1	0
       16	2026-05-18 08:32:06	5	0	1	0
       86	2026-05-18 08:32:22	5	0	1	0
      145	2026-05-18 08:37:51	5	0	1	0
       68	2026-05-18 08:42:05	5	0	1	0
       30	2026-05-18 08:43:07	5	0	1	0
        8	2026-05-18 20:19:23	5	1	1	0
       58	2026-05-18 21:16:28	5	1	1	0
       19	2026-05-18 22:00:05	5	1	1	0
       19	2026-05-18 22:00:14	5	1	1	0
       29	2026-05-18 22:00:17	5	1	1	0
      147	2026-05-18 22:00:27	5	1	1	0
      146	2026-05-18 22:00:31	5	1	1	0
       27	2026-05-18 22:00:36	5	1	1	0
       68	2026-05-18 22:00:43	5	1	1	0
      145	2026-05-18 22:00:50	5	1	1	0
       17	2026-05-18 22:00:58	5	1	1	0
       18	2026-05-18 22:01:20	5	1	1	0
      111	2026-05-18 22:01:26	5	1	1	0
      666	2026-05-18 22:01:31	5	1	1	0
        7	2026-05-18 22:01:36	5	1	1	0
      123	2026-05-18 22:01:40	5	1	1	0
      114	2026-05-18 22:01:48	5	1	1	0
       44	2026-05-18 22:02:02	5	1	1	0
        6	2026-05-18 22:02:10	5	1	1	0
       30	2026-05-18 22:02:21	5	1	1	0
       11	2026-05-18 22:02:32	5	1	1	0
       86	2026-05-18 22:05:19	5	1	1	0
       45	2026-05-18 22:05:50	5	1	1	0
       76	2026-05-18 22:05:57	5	1	1	0
       17	2026-05-19 07:24:20	5	0	1	0
      147	2026-05-19 07:25:01	5	0	1	0
        8	2026-05-19 07:28:52	5	0	1	0
        7	2026-05-19 07:45:35	5	0	1	0
       76	2026-05-19 08:13:45	5	0	1	0
        6	2026-05-19 08:15:31	5	0	1	0
      111	2026-05-19 08:15:37	5	0	1	0
       11	2026-05-19 08:19:50	5	0	1	0
      120	2026-05-19 08:21:51	5	0	1	0
      146	2026-05-19 08:23:39	5	0	1	0
       15	2026-05-19 08:23:48	5	0	1	0
       61	2026-05-19 08:25:58	5	0	1	0
      123	2026-05-19 08:26:07	5	0	1	0
      114	2026-05-19 08:26:13	5	0	1	0
      666	2026-05-19 08:31:34	5	0	1	0
       16	2026-05-19 08:32:39	5	0	1	0
       44	2026-05-19 08:33:02	5	0	1	0
       85	2026-05-19 08:33:17	5	0	1	0
       45	2026-05-19 08:33:57	5	0	1	0
       29	2026-05-19 08:39:17	5	0	1	0
       68	2026-05-19 08:41:56	5	0	1	0
        8	2026-05-19 20:17:24	5	1	1	0
       61	2026-05-19 22:00:15	5	1	1	0
       44	2026-05-19 22:00:22	5	1	1	0
      120	2026-05-19 22:00:28	5	1	1	0
       85	2026-05-19 22:00:34	5	1	1	0
        7	2026-05-19 22:00:40	5	1	1	0
       68	2026-05-19 22:00:47	5	1	1	0
       15	2026-05-19 22:00:52	5	1	1	0
       17	2026-05-19 22:00:58	5	1	1	0
      146	2026-05-19 22:01:02	5	1	1	0
      147	2026-05-19 22:01:07	5	1	1	0
      111	2026-05-19 22:01:12	5	1	1	0
      666	2026-05-19 22:01:15	5	1	1	0
      123	2026-05-19 22:01:27	5	1	1	0
      114	2026-05-19 22:01:33	5	1	1	0
        6	2026-05-19 22:01:40	5	1	1	0
       16	2026-05-19 22:01:47	5	1	1	0
       29	2026-05-19 22:01:52	5	1	1	0
       11	2026-05-19 22:02:12	5	1	1	0
       30	2026-05-19 22:02:28	5	1	1	0
       76	2026-05-19 22:03:48	5	1	1	0
      131	2026-05-19 22:04:10	5	1	1	0
       45	2026-05-19 22:04:38	5	1	1	0
        8	2026-05-20 07:16:33	5	0	1	0
       17	2026-05-20 07:16:39	5	0	1	0
      147	2026-05-20 07:16:49	5	0	1	0
       19	2026-05-20 08:11:09	5	0	1	0
        7	2026-05-20 08:11:45	5	0	1	0
       61	2026-05-20 08:14:03	5	0	1	0
       76	2026-05-20 08:18:28	5	0	1	0
       61	2026-05-20 08:18:56	5	0	1	0
       15	2026-05-20 08:19:20	5	0	1	0
       18	2026-05-20 08:20:44	5	0	1	0
      121	2026-05-20 08:22:21	5	0	1	0
        6	2026-05-20 08:22:44	5	0	1	0
      120	2026-05-20 08:23:39	5	0	1	0
      114	2026-05-20 08:24:26	5	0	1	0
      123	2026-05-20 08:27:27	5	0	1	0
       86	2026-05-20 08:29:27	5	0	1	0
       11	2026-05-20 08:29:35	5	0	1	0
       16	2026-05-20 08:30:15	5	0	1	0
       29	2026-05-20 08:30:42	5	0	1	0
       45	2026-05-20 08:30:59	5	0	1	0
       44	2026-05-20 08:31:06	5	0	1	0
       85	2026-05-20 08:38:20	5	0	1	0
      145	2026-05-20 08:45:54	5	0	1	0
       68	2026-05-20 08:49:55	5	0	1	0
       30	2026-05-20 08:50:43	5	0	1	0
        8	2026-05-20 20:18:47	5	1	1	0
       17	2026-05-20 22:00:03	5	1	1	0
       45	2026-05-20 22:00:08	5	1	1	0
        7	2026-05-20 22:00:16	5	1	1	0
       61	2026-05-20 22:00:23	5	1	1	0
       19	2026-05-20 22:00:30	5	1	1	0
      120	2026-05-20 22:00:33	5	1	1	0
       18	2026-05-20 22:00:40	5	1	1	0
       68	2026-05-20 22:00:49	5	1	1	0
      114	2026-05-20 22:00:54	5	1	1	0
      123	2026-05-20 22:01:05	5	1	1	0
      145	2026-05-20 22:01:12	5	1	1	0
       29	2026-05-20 22:01:19	5	1	1	0
      147	2026-05-20 22:01:25	5	1	1	0
       16	2026-05-20 22:01:31	5	1	1	0
       85	2026-05-20 22:01:37	5	1	1	0
       15	2026-05-20 22:01:42	5	1	1	0
       76	2026-05-20 22:01:47	5	1	1	0
      111	2026-05-20 22:01:53	5	1	1	0
       30	2026-05-20 22:02:00	5	1	1	0
        6	2026-05-20 22:02:07	5	1	1	0
       44	2026-05-20 22:02:13	5	1	1	0
      121	2026-05-20 22:02:25	5	1	1	0
       11	2026-05-20 22:02:37	5	1	1	0
       86	2026-05-20 22:02:47	5	1	1	0
       17	2026-05-21 07:20:53	5	0	1	0
       17	2026-05-21 07:22:48	5	0	1	0
        8	2026-05-21 07:25:07	5	0	1	0
      147	2026-05-21 07:25:18	5	0	1	0
        7	2026-05-21 07:58:25	5	0	1	0
       18	2026-05-21 07:59:36	5	0	1	0
        6	2026-05-21 08:10:15	5	0	1	0
       19	2026-05-21 08:10:22	5	0	1	0
       15	2026-05-21 08:10:47	5	0	1	0
      111	2026-05-21 08:10:53	5	0	1	0
       76	2026-05-21 08:11:15	5	0	1	0
       11	2026-05-21 08:12:40	5	0	1	0
       86	2026-05-21 08:12:54	5	0	1	0
      120	2026-05-21 08:20:20	5	0	1	0
       61	2026-05-21 08:24:31	5	0	1	0
       29	2026-05-21 08:25:53	5	0	1	0
       16	2026-05-21 08:28:01	5	0	1	0
       45	2026-05-21 08:29:17	5	0	1	0
      121	2026-05-21 08:33:34	5	0	1	0
       30	2026-05-21 08:35:08	5	0	1	0
       44	2026-05-21 08:35:17	5	0	1	0
      145	2026-05-21 08:40:59	5	0	1	0
     5555	2026-05-21 08:41:05	5	0	1	0
     5555	2026-05-24 18:15:00	5	1	1	0
        8	2026-05-24 20:20:52	5	1	1	0
       27	2026-05-24 22:00:08	5	1	1	0
       18	2026-05-24 22:00:18	5	1	1	0
       61	2026-05-24 22:00:32	5	1	1	0
       29	2026-05-24 22:00:37	5	1	1	0
      146	2026-05-24 22:00:40	5	1	1	0
       17	2026-05-24 22:00:45	5	1	1	0
      666	2026-05-24 22:00:48	5	1	1	0
       19	2026-05-24 22:00:53	5	1	1	0
      147	2026-05-24 22:01:16	5	1	1	0
      145	2026-05-24 22:01:22	5	1	1	0
       58	2026-05-24 22:01:28	5	1	1	0
        7	2026-05-24 22:01:36	5	1	1	0
       16	2026-05-24 22:01:39	5	1	1	0
       85	2026-05-24 22:01:44	5	1	1	0
       15	2026-05-24 22:01:49	5	1	1	0
        6	2026-05-24 22:01:55	5	1	1	0
      123	2026-05-24 22:02:00	5	1	1	0
       68	2026-05-24 22:02:08	5	1	1	0
      114	2026-05-24 22:02:13	5	1	1	0
       44	2026-05-24 22:02:19	5	1	1	0
      111	2026-05-24 22:02:30	5	1	1	0
       76	2026-05-24 22:05:51	5	1	1	0
       30	2026-05-24 22:07:49	5	1	1	0
       86	2026-05-24 22:08:56	5	1	1	0
       11	2026-05-24 22:09:07	5	1	1	0
       45	2026-05-24 22:11:03	5	1	1	0
      121	2026-05-24 22:13:32	5	1	1	0
       45	2026-05-24 22:13:38	5	1	1	0
       17	2026-05-25 07:08:23	5	0	1	0
        8	2026-05-25 07:29:44	5	0	1	0
      147	2026-05-25 07:30:50	5	0	1	0
       18	2026-05-25 07:57:20	5	0	1	0
        7	2026-05-25 08:00:51	5	0	1	0
       76	2026-05-25 08:02:56	5	0	1	0
       61	2026-05-25 08:04:00	5	0	1	0
       19	2026-05-25 08:07:42	5	0	1	0
       76	2026-05-25 08:09:50	5	0	1	0
       27	2026-05-25 08:12:31	5	0	1	0
        6	2026-05-25 08:15:35	5	0	1	0
      111	2026-05-25 08:15:42	5	0	1	0
      123	2026-05-25 08:16:29	5	0	1	0
       11	2026-05-25 08:21:48	5	0	1	0
       86	2026-05-25 08:22:07	5	0	1	0
       58	2026-05-25 08:25:58	5	0	1	0
      114	2026-05-25 08:26:33	5	0	1	0
      146	2026-05-25 08:27:39	5	0	1	0
       45	2026-05-25 08:30:27	5	0	1	0
       16	2026-05-25 08:34:25	5	0	1	0
       29	2026-05-25 08:34:44	5	0	1	0
      666	2026-05-25 08:35:49	5	0	1	0
       30	2026-05-25 08:48:20	5	0	1	0
      145	2026-05-25 08:54:12	5	0	1	0
        8	2026-05-25 20:20:26	5	1	1	0
        6	2026-05-25 22:00:07	5	1	1	0
        7	2026-05-25 22:00:13	5	1	1	0
       27	2026-05-25 22:00:18	5	1	1	0
      145	2026-05-25 22:00:27	5	1	1	0
      147	2026-05-25 22:00:33	5	1	1	0
       18	2026-05-25 22:00:38	5	1	1	0
       16	2026-05-25 22:00:46	5	1	1	0
       58	2026-05-25 22:00:57	5	1	1	0
       45	2026-05-25 22:01:02	5	1	1	0
       29	2026-05-25 22:01:06	5	1	1	0
      146	2026-05-25 22:01:11	5	1	1	0
       19	2026-05-25 22:01:16	5	1	1	0
      111	2026-05-25 22:01:21	5	1	1	0
      123	2026-05-25 22:01:26	5	1	1	0
       61	2026-05-25 22:01:34	5	1	1	0
      114	2026-05-25 22:01:44	5	1	1	0
       17	2026-05-25 22:01:50	5	1	1	0
       61	2026-05-25 22:02:11	5	1	1	0
       76	2026-05-25 22:02:51	5	1	1	0
       30	2026-05-25 22:02:58	5	1	1	0
       11	2026-05-25 22:03:08	5	1	1	0
       86	2026-05-25 22:03:32	5	1	1	0
       17	2026-05-26 07:20:36	5	0	1	0
        8	2026-05-26 07:21:43	5	0	1	0
      147	2026-05-26 07:27:35	5	0	1	0
       18	2026-05-26 07:55:25	5	0	1	0
       58	2026-05-26 08:13:26	5	0	1	0
       19	2026-05-26 08:15:12	5	0	1	0
        6	2026-05-26 08:18:37	5	0	1	0
        7	2026-05-26 08:19:04	5	0	1	0
       11	2026-05-26 08:22:52	5	0	1	0
      666	2026-05-26 08:23:05	5	0	1	0
       86	2026-05-26 08:23:26	5	0	1	0
       61	2026-05-26 08:23:34	5	0	1	0
      123	2026-05-26 08:23:54	5	0	1	0
     5555	2026-05-26 08:24:04	5	0	1	0
      114	2026-05-26 08:24:08	5	0	1	0
       15	2026-05-26 08:26:42	5	0	1	0
       45	2026-05-26 08:29:54	5	0	1	0
       76	2026-05-26 08:31:56	5	0	1	0
       44	2026-05-26 08:32:02	5	0	1	0
      121	2026-05-26 08:32:19	5	0	1	0
       16	2026-05-26 08:32:49	5	0	1	0
      111	2026-05-26 08:34:05	5	0	1	0
      146	2026-05-26 08:35:25	5	0	1	0
       27	2026-05-26 08:35:33	5	0	1	0
      120	2026-05-26 08:35:50	5	0	1	0
      145	2026-05-26 08:37:54	5	0	1	0
       29	2026-05-26 08:39:11	5	0	1	0
       85	2026-05-26 08:41:30	5	0	1	0
       68	2026-05-26 08:42:13	5	0	1	0
       30	2026-05-26 08:49:58	5	0	1	0
     5555	2026-05-26 18:15:02	5	1	1	0
        8	2026-05-26 20:22:15	5	1	1	0
       16	2026-05-26 22:00:02	5	1	1	0
       61	2026-05-26 22:00:10	5	1	1	0
        7	2026-05-26 22:00:18	5	1	1	0
       58	2026-05-26 22:00:24	5	1	1	0
       30	2026-05-26 22:00:31	5	1	1	0
       18	2026-05-26 22:00:38	5	1	1	0
       27	2026-05-26 22:00:47	5	1	1	0
      145	2026-05-26 22:00:56	5	1	1	0
       29	2026-05-26 22:01:01	5	1	1	0
       19	2026-05-26 22:01:08	5	1	1	0
      146	2026-05-26 22:01:14	5	1	1	0
      123	2026-05-26 22:01:19	5	1	1	0
      120	2026-05-26 22:01:24	5	1	1	0
      147	2026-05-26 22:01:36	5	1	1	0
       44	2026-05-26 22:01:42	5	1	1	0
       17	2026-05-26 22:01:48	5	1	1	0
      111	2026-05-26 22:01:54	5	1	1	0
        6	2026-05-26 22:02:01	5	1	1	0
       45	2026-05-26 22:02:07	5	1	1	0
       45	2026-05-26 22:02:12	5	1	1	0
       15	2026-05-26 22:02:19	5	1	1	0
       68	2026-05-26 22:02:24	5	1	1	0
      121	2026-05-26 22:02:31	5	1	1	0
       76	2026-05-26 22:02:39	5	1	1	0
       11	2026-05-26 22:02:46	5	1	1	0
       85	2026-05-26 22:02:53	5	1	1	0
       86	2026-05-26 22:03:03	5	1	1	0
       17	2026-05-27 08:13:40	5	0	1	0
        8	2026-05-27 08:14:02	5	0	1	0
      147	2026-05-27 08:19:53	5	0	1	0
       61	2026-05-27 08:20:10	5	0	1	0
       15	2026-05-27 08:20:49	5	0	1	0
       61	2026-05-27 08:20:59	5	0	1	0
      666	2026-05-27 08:28:41	5	0	1	0
       58	2026-05-27 08:33:49	5	0	1	0
       19	2026-05-27 08:37:28	5	0	1	0
       29	2026-05-27 08:41:26	5	0	1	0
        7	2026-05-27 08:53:24	5	0	1	0
       16	2026-05-27 08:54:15	5	0	1	0
      145	2026-05-27 08:57:59	5	0	1	0
        6	2026-05-27 08:58:31	5	0	1	0
      111	2026-05-27 08:58:38	5	0	1	0
       76	2026-05-27 08:59:03	5	0	1	0
     5555	2026-05-27 09:01:13	5	0	1	0
      120	2026-05-27 09:01:46	5	0	1	0
       27	2026-05-27 09:01:52	5	0	1	0
      114	2026-05-27 09:05:09	5	0	1	0
      146	2026-05-27 09:05:20	5	0	1	0
      121	2026-05-27 09:06:21	5	0	1	0
      123	2026-05-27 09:06:35	5	0	1	0
       45	2026-05-27 09:07:46	5	0	1	0
       30	2026-05-27 09:09:35	5	0	1	0
       11	2026-05-27 09:10:16	5	0	1	0
       86	2026-05-27 09:10:33	5	0	1	0
       44	2026-05-27 09:17:22	5	0	1	0
       68	2026-05-27 09:21:39	5	0	1	0
       18	2026-05-27 09:29:44	5	0	1	0
     5555	2026-05-27 18:04:47	5	1	1	0
        8	2026-05-27 20:21:13	5	1	1	0
       44	2026-05-27 22:00:03	5	1	1	0
      147	2026-05-27 22:00:09	5	1	1	0
       29	2026-05-27 22:00:14	5	1	1	0
       16	2026-05-27 22:00:19	5	1	1	0
      145	2026-05-27 22:00:26	5	1	1	0
      666	2026-05-27 22:00:31	5	1	1	0
      146	2026-05-27 22:00:34	5	1	1	0
       15	2026-05-27 22:00:41	5	1	1	0
      123	2026-05-27 22:00:47	5	1	1	0
       19	2026-05-27 22:00:52	5	1	1	0
      120	2026-05-27 22:01:04	5	1	1	0
       27	2026-05-27 22:01:10	5	1	1	0
       17	2026-05-27 22:01:16	5	1	1	0
       18	2026-05-27 22:01:20	5	1	1	0
       68	2026-05-27 22:01:26	5	1	1	0
      111	2026-05-27 22:01:34	5	1	1	0
        6	2026-05-27 22:01:44	5	1	1	0
       58	2026-05-27 22:02:00	5	1	1	0
       76	2026-05-27 22:02:35	5	1	1	0
       85	2026-05-27 22:02:48	5	1	1	0
       61	2026-05-27 22:02:56	5	1	1	0
       30	2026-05-27 22:03:11	5	1	1	0
       45	2026-05-27 22:03:16	5	1	1	0
       11	2026-05-27 22:03:31	5	1	1	0
      121	2026-05-27 22:03:43	5	1	1	0
       86	2026-05-27 22:03:55	5	1	1	0
       17	2026-05-28 07:18:59	5	0	1	0
        8	2026-05-28 07:19:39	5	0	1	0
      147	2026-05-28 07:20:01	5	0	1	0
       58	2026-05-28 08:09:57	5	0	1	0
        7	2026-05-28 08:14:48	5	0	1	0
       19	2026-05-28 08:15:01	5	0	1	0
      666	2026-05-28 08:15:07	5	0	1	0
      114	2026-05-28 08:17:02	5	0	1	0
       76	2026-05-28 08:17:41	5	0	1	0
      146	2026-05-28 08:18:13	5	0	1	0
       61	2026-05-28 08:19:28	5	0	1	0
      123	2026-05-28 08:19:38	5	0	1	0
       15	2026-05-28 08:21:50	5	0	1	0
       27	2026-05-28 08:24:03	5	0	1	0
      120	2026-05-28 08:24:22	5	0	1	0
       11	2026-05-28 08:24:28	5	0	1	0
       45	2026-05-28 08:24:34	5	0	1	0
        6	2026-05-28 08:24:42	5	0	1	0
       86	2026-05-28 08:24:49	5	0	1	0
      111	2026-05-28 08:25:02	5	0	1	0
       85	2026-05-28 08:26:55	5	0	1	0
      121	2026-05-28 08:27:34	5	0	1	0
       18	2026-05-28 08:28:27	5	0	1	0
       16	2026-05-28 08:30:52	5	0	1	0
     5555	2026-05-28 08:30:58	5	0	1	0
       44	2026-05-28 08:31:07	5	0	1	0
       29	2026-05-28 08:33:50	5	0	1	0
      145	2026-05-28 08:40:53	5	0	1	0
       68	2026-05-28 08:47:33	5	0	1	0
     5555	2026-05-28 18:03:31	5	1	1	0
        8	2026-05-28 20:25:08	5	1	1	0
       58	2026-05-28 21:43:49	5	1	1	0
      666	2026-05-28 22:00:22	5	1	1	0
      145	2026-05-28 22:00:30	5	1	1	0
       27	2026-05-28 22:00:36	5	1	1	0
      146	2026-05-28 22:00:46	5	1	1	0
       19	2026-05-28 22:01:03	5	1	1	0
       29	2026-05-28 22:01:13	5	1	1	0
      147	2026-05-28 22:01:23	5	1	1	0
      114	2026-05-28 22:01:28	5	1	1	0
      123	2026-05-28 22:01:34	5	1	1	0
      120	2026-05-28 22:01:39	5	1	1	0
       15	2026-05-28 22:01:45	5	1	1	0
       18	2026-05-28 22:01:51	5	1	1	0
       44	2026-05-28 22:01:58	5	1	1	0
       68	2026-05-28 22:02:03	5	1	1	0
       85	2026-05-28 22:02:08	5	1	1	0
       16	2026-05-28 22:02:14	5	1	1	0
        6	2026-05-28 22:02:19	5	1	1	0
       17	2026-05-28 22:02:25	5	1	1	0
       76	2026-05-28 22:02:30	5	1	1	0
        7	2026-05-28 22:02:35	5	1	1	0
      121	2026-05-28 22:02:43	5	1	1	0
       45	2026-05-28 22:02:49	5	1	1	0
       11	2026-05-28 22:02:57	5	1	1	0
       86	2026-05-28 22:03:07	5	1	1	0
       61	2026-05-28 22:03:15	5	1	1	0
      147	2026-05-29 07:20:04	5	0	1	0
        8	2026-05-29 07:20:31	5	0	1	0
       58	2026-05-29 08:06:03	5	0	1	0
       58	2026-05-29 08:06:05	5	0	1	0
       19	2026-05-29 08:15:00	5	0	1	0
       61	2026-05-29 08:15:13	5	0	1	0
       61	2026-05-29 08:16:42	5	0	1	0
       15	2026-05-29 08:20:33	5	0	1	0
       27	2026-05-29 08:21:07	5	0	1	0
      120	2026-05-29 08:21:14	5	0	1	0
       76	2026-05-29 08:21:35	5	0	1	0
       18	2026-05-29 08:21:48	5	0	1	0
       11	2026-05-29 08:23:31	5	0	1	0
       86	2026-05-29 08:23:50	5	0	1	0
        6	2026-05-29 08:27:28	5	0	1	0
        7	2026-05-29 08:27:53	5	0	1	0
      666	2026-05-29 08:28:21	5	0	1	0
       45	2026-05-29 08:29:19	5	0	1	0
       29	2026-05-29 08:29:40	5	0	1	0
      123	2026-05-29 08:32:34	5	0	1	0
       16	2026-05-29 08:33:46	5	0	1	0
       85	2026-05-29 08:34:22	5	0	1	0
      146	2026-05-29 08:35:59	5	0	1	0
     5555	2026-05-29 08:37:33	5	0	1	0
       68	2026-05-29 08:40:49	5	0	1	0
      115	2026-05-29 08:51:43	5	0	1	0
      114	2026-05-29 08:51:48	5	0	1	0
        8	2026-05-29 20:25:14	5	1	1	0
       27	2026-05-29 22:00:06	5	1	1	0
       45	2026-05-29 22:00:16	5	1	1	0
       16	2026-05-29 22:00:22	5	1	1	0
      146	2026-05-29 22:00:44	5	1	1	0
        7	2026-05-29 22:00:51	5	1	1	0
      147	2026-05-29 22:00:56	5	1	1	0
       18	2026-05-29 22:01:03	5	1	1	0
       19	2026-05-29 22:01:08	5	1	1	0
       58	2026-05-29 22:01:12	5	1	1	0
      114	2026-05-29 22:01:21	5	1	1	0
       76	2026-05-29 22:01:26	5	1	1	0
      666	2026-05-29 22:01:28	5	1	1	0
       15	2026-05-29 22:01:34	5	1	1	0
      123	2026-05-29 22:01:39	5	1	1	0
       11	2026-05-29 22:01:45	5	1	1	0
       68	2026-05-29 22:01:50	5	1	1	0
        6	2026-05-29 22:01:55	5	1	1	0
      120	2026-05-29 22:02:02	5	1	1	0
       85	2026-05-29 22:02:08	5	1	1	0
       86	2026-05-29 22:02:15	5	1	1	0
       29	2026-05-29 22:02:25	5	1	1	0
       61	2026-05-29 22:02:49	5	1	1	0
      147	2026-05-30 07:31:43	5	0	1	0
      147	2026-05-30 07:31:56	5	0	1	0
        8	2026-05-30 07:33:53	5	0	1	0
       17	2026-05-30 07:42:36	5	0	1	0
       58	2026-05-30 08:09:02	5	0	1	0
       11	2026-05-30 08:09:13	5	0	1	0
       86	2026-05-30 08:09:36	5	0	1	0
      112	2026-05-30 08:15:05	5	0	1	0
       76	2026-05-30 08:15:12	5	0	1	0
       15	2026-05-30 08:17:12	5	0	1	0
      111	2026-05-30 08:17:31	5	0	1	0
       19	2026-05-30 08:17:51	5	0	1	0
        7	2026-05-30 08:18:08	5	0	1	0
      666	2026-05-30 08:19:36	5	0	1	0
        6	2026-05-30 08:26:17	5	0	1	0
       18	2026-05-30 08:27:13	5	0	1	0
      146	2026-05-30 08:29:05	5	0	1	0
       27	2026-05-30 08:30:20	5	0	1	0
       45	2026-05-30 08:30:25	5	0	1	0
      120	2026-05-30 08:30:31	5	0	1	0
       29	2026-05-30 08:31:34	5	0	1	0
       16	2026-05-30 08:32:05	5	0	1	0
       61	2026-05-30 08:32:21	5	0	1	0
      123	2026-05-30 08:32:26	5	0	1	0
       30	2026-05-30 08:32:36	5	0	1	0
      121	2026-05-30 08:33:12	5	0	1	0
      114	2026-05-30 08:34:38	5	0	1	0
       85	2026-05-30 08:35:17	5	0	1	0
       44	2026-05-30 08:36:26	5	0	1	0
     5555	2026-05-30 08:38:56	5	0	1	0
       68	2026-05-30 08:46:41	5	0	1	0
      145	2026-05-30 08:48:57	5	0	1	0
     5555	2026-05-30 18:34:18	5	1	1	0
        8	2026-05-30 20:31:51	5	1	1	0
       27	2026-05-30 22:00:05	5	1	1	0
       16	2026-05-30 22:00:15	5	1	1	0
       30	2026-05-30 22:00:21	5	1	1	0
       19	2026-05-30 22:00:29	5	1	1	0
      145	2026-05-30 22:00:34	5	1	1	0
       18	2026-05-30 22:00:45	5	1	1	0
      147	2026-05-30 22:00:51	5	1	1	0
       17	2026-05-30 22:00:56	5	1	1	0
      146	2026-05-30 22:00:59	5	1	1	0
        7	2026-05-30 22:01:04	5	1	1	0
      123	2026-05-30 22:01:09	5	1	1	0
       45	2026-05-30 22:01:14	5	1	1	0
      111	2026-05-30 22:01:19	5	1	1	0
       58	2026-05-30 22:01:24	5	1	1	0
      120	2026-05-30 22:01:28	5	1	1	0
        6	2026-05-30 22:01:33	5	1	1	0
       29	2026-05-30 22:01:37	5	1	1	0
       15	2026-05-30 22:01:42	5	1	1	0
       11	2026-05-30 22:01:48	5	1	1	0
       68	2026-05-30 22:01:53	5	1	1	0
       85	2026-05-30 22:02:10	5	1	1	0
       44	2026-05-30 22:02:19	5	1	1	0
       86	2026-05-30 22:02:27	5	1	1	0
       76	2026-05-30 22:02:34	5	1	1	0
      121	2026-05-30 22:02:39	5	1	1	0
       61	2026-05-30 22:02:52	5	1	1	0
       17	2026-05-31 07:35:33	5	0	1	0
      147	2026-05-31 07:36:03	5	0	1	0
        8	2026-05-31 07:36:25	5	0	1	0
       19	2026-05-31 07:47:57	5	0	1	0
       88	2026-05-31 07:48:14	5	0	1	0
        7	2026-05-31 07:56:41	5	0	1	0
        6	2026-05-31 07:57:04	5	0	1	0
       18	2026-05-31 08:01:55	5	0	1	0
       58	2026-05-31 08:11:28	5	0	1	0
       58	2026-05-31 08:11:42	5	0	1	0
      114	2026-05-31 08:15:12	5	0	1	0
       61	2026-05-31 08:20:06	5	0	1	0
      666	2026-05-31 08:20:45	5	0	1	0
       11	2026-05-31 08:23:00	5	0	1	0
       15	2026-05-31 08:23:23	5	0	1	0
       86	2026-05-31 08:23:30	5	0	1	0
       29	2026-05-31 08:26:52	5	0	1	0
      111	2026-05-31 08:29:27	5	0	1	0
      123	2026-05-31 08:29:32	5	0	1	0
       76	2026-05-31 08:29:37	5	0	1	0
       45	2026-05-31 08:29:42	5	0	1	0
      145	2026-05-31 08:29:48	5	0	1	0
       27	2026-05-31 08:29:53	5	0	1	0
      120	2026-05-31 08:30:01	5	0	1	0
      146	2026-05-31 08:30:44	5	0	1	0
       30	2026-05-31 08:31:27	5	0	1	0
      121	2026-05-31 08:32:02	5	0	1	0
       44	2026-05-31 08:36:50	5	0	1	0
       16	2026-05-31 08:37:16	5	0	1	0
     5555	2026-05-31 08:37:22	5	0	1	0
       85	2026-05-31 08:39:21	5	0	1	0
       68	2026-05-31 08:43:27	5	0	1	0
     5555	2026-05-31 18:28:03	5	1	1	0
        8	2026-05-31 20:13:42	5	1	1	0
       18	2026-05-31 21:41:14	5	1	1	0
       61	2026-05-31 22:00:04	5	1	1	0
       58	2026-05-31 22:00:10	5	1	1	0
       27	2026-05-31 22:00:15	5	1	1	0
       16	2026-05-31 22:00:22	5	1	1	0
      145	2026-05-31 22:00:28	5	1	1	0
       29	2026-05-31 22:00:33	5	1	1	0
       19	2026-05-31 22:00:36	5	1	1	0
      146	2026-05-31 22:00:40	5	1	1	0
      147	2026-05-31 22:00:46	5	1	1	0
      123	2026-05-31 22:00:57	5	1	1	0
      121	2026-05-31 22:01:07	5	1	1	0
       44	2026-05-31 22:01:11	5	1	1	0
      120	2026-05-31 22:01:16	5	1	1	0
        6	2026-05-31 22:01:22	5	1	1	0
       68	2026-05-31 22:01:27	5	1	1	0
       15	2026-05-31 22:01:32	5	1	1	0
        7	2026-05-31 22:01:37	5	1	1	0
      111	2026-05-31 22:01:40	5	1	1	0
       17	2026-05-31 22:01:45	5	1	1	0
       76	2026-05-31 22:01:52	5	1	1	0
       85	2026-05-31 22:01:58	5	1	1	0
       11	2026-05-31 22:02:08	5	1	1	0
       86	2026-05-31 22:02:16	5	1	1	0
       45	2026-05-31 22:02:25	5	1	1	0
       17	2026-06-01 07:29:22	5	0	1	0
        8	2026-06-01 07:30:46	5	0	1	0
       19	2026-06-01 07:48:05	5	0	1	0
      147	2026-06-01 07:48:11	5	0	1	0
       18	2026-06-01 07:49:49	5	0	1	0
       58	2026-06-01 08:01:27	5	0	1	0
       58	2026-06-01 08:01:30	5	0	1	0
       76	2026-06-01 08:12:52	5	0	1	0
       11	2026-06-01 08:15:40	5	0	1	0
       86	2026-06-01 08:16:00	5	0	1	0
      146	2026-06-01 08:20:46	5	0	1	0
       15	2026-06-01 08:20:52	5	0	1	0
       27	2026-06-01 08:22:16	5	0	1	0
      120	2026-06-01 08:22:46	5	0	1	0
        6	2026-06-01 08:26:30	5	0	1	0
      111	2026-06-01 08:26:35	5	0	1	0
      123	2026-06-01 08:28:31	5	0	1	0
      121	2026-06-01 08:28:48	5	0	1	0
       29	2026-06-01 08:30:38	5	0	1	0
      114	2026-06-01 08:30:48	5	0	1	0
      666	2026-06-01 08:31:16	5	0	1	0
       68	2026-06-01 08:31:24	5	0	1	0
       44	2026-06-01 08:33:10	5	0	1	0
     5555	2026-06-01 08:35:02	5	0	1	0
       16	2026-06-01 08:35:13	5	0	1	0
       85	2026-06-01 08:35:16	5	0	1	0
       45	2026-06-01 08:40:40	5	0	1	0
      145	2026-06-01 08:45:11	5	0	1	0
       30	2026-06-01 08:57:29	5	0	1	0
        8	2026-06-01 20:18:14	5	1	1	0
     5555	2026-06-01 20:45:39	5	1	1	0
       19	2026-06-01 22:00:03	5	1	1	0
       58	2026-06-01 22:00:08	5	1	1	0
      145	2026-06-01 22:00:13	5	1	1	0
       30	2026-06-01 22:00:18	5	1	1	0
       27	2026-06-01 22:00:23	5	1	1	0
       44	2026-06-01 22:00:36	5	1	1	0
       68	2026-06-01 22:00:41	5	1	1	0
       18	2026-06-01 22:00:58	5	1	1	0
      146	2026-06-01 22:01:03	5	1	1	0
       29	2026-06-01 22:01:07	5	1	1	0
       16	2026-06-01 22:01:15	5	1	1	0
        7	2026-06-01 22:01:20	5	1	1	0
      147	2026-06-01 22:01:25	5	1	1	0
       17	2026-06-01 22:01:30	5	1	1	0
       15	2026-06-01 22:01:36	5	1	1	0
      114	2026-06-01 22:01:42	5	1	1	0
      120	2026-06-01 22:01:53	5	1	1	0
       85	2026-06-01 22:01:59	5	1	1	0
       11	2026-06-01 22:02:05	5	1	1	0
      123	2026-06-01 22:02:10	5	1	1	0
      666	2026-06-01 22:02:17	5	1	1	0
      111	2026-06-01 22:02:22	5	1	1	0
        6	2026-06-01 22:02:28	5	1	1	0
       76	2026-06-01 22:02:32	5	1	1	0
       45	2026-06-01 22:02:53	5	1	1	0
      121	2026-06-01 22:03:00	5	1	1	0
       86	2026-06-01 22:03:05	5	1	1	0
        8	2026-06-02 07:26:12	5	0	1	0
       17	2026-06-02 07:26:19	5	0	1	0
      147	2026-06-02 07:27:10	5	0	1	0
       86	2026-06-02 08:13:54	5	0	1	0
       58	2026-06-02 08:14:34	5	0	1	0
        7	2026-06-02 08:14:42	5	0	1	0
       15	2026-06-02 08:18:32	5	0	1	0
       76	2026-06-02 08:25:13	5	0	1	0
        6	2026-06-02 08:25:24	5	0	1	0
      111	2026-06-02 08:25:40	5	0	1	0
      114	2026-06-02 08:28:12	5	0	1	0
      120	2026-06-02 08:29:31	5	0	1	0
       68	2026-06-02 08:29:46	5	0	1	0
      145	2026-06-02 08:30:50	5	0	1	0
       61	2026-06-02 08:31:06	5	0	1	0
       44	2026-06-02 08:32:38	5	0	1	0
       16	2026-06-02 08:32:51	5	0	1	0
      121	2026-06-02 08:34:11	5	0	1	0
       45	2026-06-02 08:38:17	5	0	1	0
       30	2026-06-02 08:39:05	5	0	1	0
       85	2026-06-02 08:39:38	5	0	1	0
        8	2026-06-02 20:13:04	5	1	1	0
       45	2026-06-02 22:00:04	5	1	1	0
       16	2026-06-02 22:00:09	5	1	1	0
      147	2026-06-02 22:00:15	5	1	1	0
        6	2026-06-02 22:00:22	5	1	1	0
       44	2026-06-02 22:00:28	5	1	1	0
      145	2026-06-02 22:00:37	5	1	1	0
       58	2026-06-02 22:00:42	5	1	1	0
       85	2026-06-02 22:00:46	5	1	1	0
        7	2026-06-02 22:00:51	5	1	1	0
       15	2026-06-02 22:00:56	5	1	1	0
      111	2026-06-02 22:01:02	5	1	1	0
      120	2026-06-02 22:01:10	5	1	1	0
       68	2026-06-02 22:01:15	5	1	1	0
       30	2026-06-02 22:01:21	5	1	1	0
       76	2026-06-02 22:01:28	5	1	1	0
      121	2026-06-02 22:01:35	5	1	1	0
       17	2026-06-02 22:01:50	5	1	1	0
       61	2026-06-02 22:01:57	5	1	1	0
       86	2026-06-02 22:02:09	5	1	1	0
        8	2026-06-03 07:31:17	5	0	1	0
       17	2026-06-03 07:31:34	5	0	1	0
        7	2026-06-03 07:54:41	5	0	1	0
      666	2026-06-03 07:54:59	5	0	1	0
       19	2026-06-03 08:02:34	5	0	1	0
       11	2026-06-03 08:10:46	5	0	1	0
      114	2026-06-03 08:11:32	5	0	1	0
       44	2026-06-03 08:11:39	5	0	1	0
       18	2026-06-03 08:11:47	5	0	1	0
       58	2026-06-03 08:20:35	5	0	1	0
       58	2026-06-03 08:20:38	5	0	1	0
      123	2026-06-03 08:23:54	5	0	1	0
       61	2026-06-03 08:24:09	5	0	1	0
       15	2026-06-03 08:24:23	5	0	1	0
      123	2026-06-03 08:24:36	5	0	1	0
       86	2026-06-03 08:26:25	5	0	1	0
      146	2026-06-03 08:28:02	5	0	1	0
       76	2026-06-03 08:30:24	5	0	1	0
      121	2026-06-03 08:31:15	5	0	1	0
       29	2026-06-03 08:32:37	5	0	1	0
       85	2026-06-03 08:38:43	5	0	1	0
       30	2026-06-03 08:42:14	5	0	1	0
      145	2026-06-03 08:45:30	5	0	1	0
      111	2026-06-03 08:50:04	5	0	1	0
       27	2026-06-03 08:50:52	5	0	1	0
        8	2026-06-03 20:07:07	5	1	1	0
       58	2026-06-03 22:00:08	5	1	1	0
       15	2026-06-03 22:00:33	5	1	1	0
       27	2026-06-03 22:00:40	5	1	1	0
      145	2026-06-03 22:00:48	5	1	1	0
       29	2026-06-03 22:00:55	5	1	1	0
      146	2026-06-03 22:01:04	5	1	1	0
       19	2026-06-03 22:01:07	5	1	1	0
       17	2026-06-03 22:01:26	5	1	1	0
      666	2026-06-03 22:01:30	5	1	1	0
      123	2026-06-03 22:01:36	5	1	1	0
      121	2026-06-03 22:01:47	5	1	1	0
        7	2026-06-03 22:02:00	5	1	1	0
       61	2026-06-03 22:02:30	5	1	1	0
       76	2026-06-03 22:02:46	5	1	1	0
      111	2026-06-03 22:02:53	5	1	1	0
       85	2026-06-03 22:03:13	5	1	1	0
       11	2026-06-03 22:03:21	5	1	1	0
       86	2026-06-03 22:03:32	5	1	1	0
       30	2026-06-03 22:03:46	5	1	1	0
       18	2026-06-03 22:04:02	5	1	1	0
       17	2026-06-04 07:15:30	5	0	1	0
      147	2026-06-04 07:29:02	5	0	1	0
        7	2026-06-04 07:41:29	5	0	1	0
       76	2026-06-04 08:07:05	5	0	1	0
       61	2026-06-04 08:08:12	5	0	1	0
      111	2026-06-04 08:08:24	5	0	1	0
       19	2026-06-04 08:11:07	5	0	1	0
      123	2026-06-04 08:12:35	5	0	1	0
        6	2026-06-04 08:15:34	5	0	1	0
       58	2026-06-04 08:16:15	5	0	1	0
       58	2026-06-04 08:16:17	5	0	1	0
      146	2026-06-04 08:21:08	5	0	1	0
       15	2026-06-04 08:22:21	5	0	1	0
       11	2026-06-04 08:25:07	5	0	1	0
       86	2026-06-04 08:25:24	5	0	1	0
      114	2026-06-04 08:28:49	5	0	1	0
       27	2026-06-04 08:30:21	5	0	1	0
      120	2026-06-04 08:30:36	5	0	1	0
       18	2026-06-04 08:30:50	5	0	1	0
       16	2026-06-04 08:32:30	5	0	1	0
       29	2026-06-04 08:34:47	5	0	1	0
       44	2026-06-04 08:35:54	5	0	1	0
      121	2026-06-04 08:39:28	5	0	1	0
      145	2026-06-04 08:41:32	5	0	1	0
       85	2026-06-04 08:42:04	5	0	1	0
       68	2026-06-04 08:47:37	5	0	1	0
       27	2026-06-04 22:00:05	5	1	1	0
       16	2026-06-04 22:00:25	5	1	1	0
      145	2026-06-04 22:00:32	5	1	1	0
        7	2026-06-04 22:00:40	5	1	1	0
       58	2026-06-04 22:00:45	5	1	1	0
      147	2026-06-04 22:01:00	5	1	1	0
       19	2026-06-04 22:01:10	5	1	1	0
       18	2026-06-04 22:01:21	5	1	1	0
      146	2026-06-04 22:01:27	5	1	1	0
      123	2026-06-04 22:01:32	5	1	1	0
       85	2026-06-04 22:01:37	5	1	1	0
       29	2026-06-04 22:01:44	5	1	1	0
       17	2026-06-04 22:01:50	5	1	1	0
        6	2026-06-04 22:01:55	5	1	1	0
       68	2026-06-04 22:02:06	5	1	1	0
      111	2026-06-04 22:02:11	5	1	1	0
       61	2026-06-04 22:03:13	5	1	1	0
       11	2026-06-04 22:04:24	5	1	1	0
       76	2026-06-04 22:04:56	5	1	1	0
      121	2026-06-04 22:05:05	5	1	1	0
      147	2026-06-05 07:21:01	5	0	1	0
        8	2026-06-05 07:24:26	5	0	1	0
        7	2026-06-05 07:26:51	5	0	1	0
       17	2026-06-05 07:35:31	5	0	1	0
       76	2026-06-05 08:04:18	5	0	1	0
      111	2026-06-05 08:05:38	5	0	1	0
        6	2026-06-05 08:06:06	5	0	1	0
      146	2026-06-05 08:06:30	5	0	1	0
       19	2026-06-05 08:11:13	5	0	1	0
       58	2026-06-05 08:11:32	5	0	1	0
       58	2026-06-05 08:11:34	5	0	1	0
       30	2026-06-05 08:20:09	5	0	1	0
       15	2026-06-05 08:22:32	5	0	1	0
       61	2026-06-05 08:22:39	5	0	1	0
      123	2026-06-05 08:23:03	5	0	1	0
       27	2026-06-05 08:24:21	5	0	1	0
      123	2026-06-05 08:24:27	5	0	1	0
      120	2026-06-05 08:24:40	5	0	1	0
      114	2026-06-05 08:25:13	5	0	1	0
       45	2026-06-05 08:26:57	5	0	1	0
       29	2026-06-05 08:31:05	5	0	1	0
       16	2026-06-05 08:34:01	5	0	1	0
     5555	2026-06-05 08:34:30	5	0	1	0
       44	2026-06-05 08:36:11	5	0	1	0
       68	2026-06-05 08:45:58	5	0	1	0
       18	2026-06-05 08:53:12	5	0	1	0
     5555	2026-06-05 18:18:59	5	1	1	0
        8	2026-06-05 20:22:18	5	1	1	0
       16	2026-06-05 22:00:20	5	1	1	0
       27	2026-06-05 22:00:26	5	1	1	0
       76	2026-06-05 22:00:33	5	1	1	0
      146	2026-06-05 22:00:38	5	1	1	0
       19	2026-06-05 22:00:43	5	1	1	0
        7	2026-06-05 22:00:48	5	1	1	0
       15	2026-06-05 22:00:53	5	1	1	0
      123	2026-06-05 22:00:58	5	1	1	0
      147	2026-06-05 22:01:11	5	1	1	0
      120	2026-06-05 22:01:16	5	1	1	0
       17	2026-06-05 22:01:22	5	1	1	0
       29	2026-06-05 22:01:27	5	1	1	0
       18	2026-06-05 22:01:35	5	1	1	0
       30	2026-06-05 22:01:41	5	1	1	0
      111	2026-06-05 22:01:46	5	1	1	0
       68	2026-06-05 22:01:53	5	1	1	0
        6	2026-06-05 22:02:00	5	1	1	0
       61	2026-06-05 22:02:24	5	1	1	0
       45	2026-06-05 22:02:32	5	1	1	0
       17	2026-06-06 07:23:08	5	0	1	0
      147	2026-06-06 07:25:06	5	0	1	0
        8	2026-06-06 07:25:24	5	0	1	0
       18	2026-06-06 07:56:54	5	0	1	0
       61	2026-06-06 08:10:20	5	0	1	0
       61	2026-06-06 08:10:33	5	0	1	0
        7	2026-06-06 08:10:50	5	0	1	0
       76	2026-06-06 08:13:11	5	0	1	0
       58	2026-06-06 08:15:18	5	0	1	0
       58	2026-06-06 08:15:21	5	0	1	0
       19	2026-06-06 08:16:02	5	0	1	0
        6	2026-06-06 08:24:09	5	0	1	0
     5555	2026-06-06 08:24:47	5	0	1	0
       11	2026-06-06 08:24:56	5	0	1	0
       86	2026-06-06 08:25:03	5	0	1	0
       27	2026-06-06 08:25:09	5	0	1	0
      123	2026-06-06 08:25:23	5	0	1	0
      120	2026-06-06 08:25:54	5	0	1	0
       15	2026-06-06 08:26:05	5	0	1	0
      146	2026-06-06 08:26:29	5	0	1	0
      114	2026-06-06 08:30:08	5	0	1	0
      111	2026-06-06 08:30:23	5	0	1	0
       16	2026-06-06 08:31:48	5	0	1	0
      121	2026-06-06 08:32:13	5	0	1	0
       29	2026-06-06 08:33:57	5	0	1	0
       45	2026-06-06 08:34:31	5	0	1	0
       44	2026-06-06 08:36:38	5	0	1	0
       68	2026-06-06 08:41:02	5	0	1	0
       85	2026-06-06 08:41:28	5	0	1	0
      145	2026-06-06 08:46:39	5	0	1	0
       30	2026-06-06 08:47:53	5	0	1	0
     5555	2026-06-06 19:06:37	5	1	1	0
        8	2026-06-06 20:01:31	5	1	1	0
       16	2026-06-06 22:00:17	5	1	1	0
      145	2026-06-06 22:00:26	5	1	1	0
       27	2026-06-06 22:00:38	5	1	1	0
      123	2026-06-06 22:00:49	5	1	1	0
      146	2026-06-06 22:00:54	5	1	1	0
      111	2026-06-06 22:01:00	5	1	1	0
       18	2026-06-06 22:01:12	5	1	1	0
       15	2026-06-06 22:01:18	5	1	1	0
       68	2026-06-06 22:01:25	5	1	1	0
      147	2026-06-06 22:01:31	5	1	1	0
       29	2026-06-06 22:01:37	5	1	1	0
       17	2026-06-06 22:01:42	5	1	1	0
      114	2026-06-06 22:01:46	5	1	1	0
        6	2026-06-06 22:01:54	5	1	1	0
      120	2026-06-06 22:02:00	5	1	1	0
       58	2026-06-06 22:02:06	5	1	1	0
       19	2026-06-06 22:02:15	5	1	1	0
       85	2026-06-06 22:02:26	5	1	1	0
       44	2026-06-06 22:02:36	5	1	1	0
       61	2026-06-06 22:04:53	5	1	1	0
       76	2026-06-06 22:05:06	5	1	1	0
       61	2026-06-06 22:05:30	5	1	1	0
       30	2026-06-06 22:11:57	5	1	1	0
       45	2026-06-06 22:24:14	5	1	1	0
       45	2026-06-06 22:25:10	5	1	1	0
       86	2026-06-06 22:25:46	5	1	1	0
      121	2026-06-06 22:25:55	5	1	1	0
       11	2026-06-06 22:26:04	5	1	1	0
       17	2026-06-07 07:26:10	5	0	1	0
        8	2026-06-07 07:27:11	5	0	1	0
      147	2026-06-07 07:32:30	5	0	1	0
       18	2026-06-07 07:56:37	5	0	1	0
        7	2026-06-07 07:59:32	5	0	1	0
        6	2026-06-07 07:59:59	5	0	1	0
       19	2026-06-07 08:08:03	5	0	1	0
       11	2026-06-07 08:20:37	5	0	1	0
       86	2026-06-07 08:21:03	5	0	1	0
       15	2026-06-07 08:22:46	5	0	1	0
       61	2026-06-07 08:23:09	5	0	1	0
      123	2026-06-07 08:23:40	5	0	1	0
       27	2026-06-07 08:24:09	5	0	1	0
      120	2026-06-07 08:24:22	5	0	1	0
      114	2026-06-07 08:25:35	5	0	1	0
     5555	2026-06-07 08:26:44	5	0	1	0
       29	2026-06-07 08:28:17	5	0	1	0
       58	2026-06-07 08:30:01	5	0	1	0
       58	2026-06-07 08:30:06	5	0	1	0
      146	2026-06-07 08:31:16	5	0	1	0
       76	2026-06-07 08:32:40	5	0	1	0
      111	2026-06-07 08:32:47	5	0	1	0
       45	2026-06-07 08:33:08	5	0	1	0
      145	2026-06-07 08:35:01	5	0	1	0
       44	2026-06-07 08:38:53	5	0	1	0
       85	2026-06-07 08:40:52	5	0	1	0
       68	2026-06-07 08:41:10	5	0	1	0
       15	2026-06-07 08:41:24	5	0	1	0
       30	2026-06-07 08:42:19	5	0	1	0
      121	2026-06-07 08:49:58	5	0	1	0
       16	2026-06-07 09:33:06	5	0	1	0
     5555	2026-06-07 19:07:33	5	1	1	0
        8	2026-06-07 20:13:54	5	1	1	0
       18	2026-06-07 22:00:04	5	1	1	0
      146	2026-06-07 22:00:12	5	1	1	0
       85	2026-06-07 22:00:20	5	1	1	0
      120	2026-06-07 22:00:24	5	1	1	0
       68	2026-06-07 22:00:29	5	1	1	0
      145	2026-06-07 22:00:35	5	1	1	0
       27	2026-06-07 22:00:41	5	1	1	0
        7	2026-06-07 22:00:46	5	1	1	0
      114	2026-06-07 22:00:48	5	1	1	0
       17	2026-06-07 22:00:54	5	1	1	0
      147	2026-06-07 22:00:59	5	1	1	0
       76	2026-06-07 22:01:04	5	1	1	0
       15	2026-06-07 22:01:16	5	1	1	0
      123	2026-06-07 22:01:24	5	1	1	0
       44	2026-06-07 22:01:40	5	1	1	0
      121	2026-06-07 22:01:50	5	1	1	0
       61	2026-06-07 22:03:23	5	1	1	0
      111	2026-06-07 22:03:38	5	1	1	0
        6	2026-06-07 22:04:22	5	1	1	0
       58	2026-06-07 22:06:39	5	1	1	0
       16	2026-06-07 22:10:20	5	1	1	0
       29	2026-06-07 22:10:34	5	1	1	0
       11	2026-06-07 22:11:18	5	1	1	0
       86	2026-06-07 22:11:29	5	1	1	0
       30	2026-06-07 22:11:42	5	1	1	0
       45	2026-06-07 22:11:59	5	1	1	0
      147	2026-06-08 07:39:20	5	0	1	0
       17	2026-06-08 07:39:30	5	0	1	0
        8	2026-06-08 07:40:24	5	0	1	0
       88	2026-06-08 07:42:37	5	0	1	0
       18	2026-06-08 07:54:38	5	0	1	0
       19	2026-06-08 08:12:19	5	0	1	0
       58	2026-06-08 08:15:09	5	0	1	0
       58	2026-06-08 08:15:13	5	0	1	0
        7	2026-06-08 08:21:29	5	0	1	0
       11	2026-06-08 08:21:35	5	0	1	0
       86	2026-06-08 08:22:08	5	0	1	0
       61	2026-06-08 08:22:15	5	0	1	0
     5555	2026-06-08 08:22:21	5	0	1	0
       15	2026-06-08 08:25:50	5	0	1	0
       30	2026-06-08 08:27:00	5	0	1	0
       27	2026-06-08 08:28:10	5	0	1	0
      145	2026-06-08 08:28:16	5	0	1	0
      120	2026-06-08 08:28:40	5	0	1	0
        6	2026-06-08 08:29:37	5	0	1	0
       76	2026-06-08 08:29:46	5	0	1	0
      121	2026-06-08 08:30:03	5	0	1	0
      111	2026-06-08 08:30:12	5	0	1	0
      123	2026-06-08 08:30:58	5	0	1	0
       45	2026-06-08 08:31:49	5	0	1	0
      146	2026-06-08 08:32:13	5	0	1	0
       44	2026-06-08 08:33:46	5	0	1	0
      121	2026-06-08 08:34:24	5	0	1	0
       29	2026-06-08 08:34:29	5	0	1	0
       68	2026-06-08 08:39:21	5	0	1	0
     5555	2026-06-08 18:00:31	5	1	1	0
        8	2026-06-08 20:15:51	5	1	1	0
       27	2026-06-08 22:00:04	5	1	1	0
      147	2026-06-08 22:00:12	5	1	1	0
      145	2026-06-08 22:00:18	5	1	1	0
       58	2026-06-08 22:00:25	5	1	1	0
       18	2026-06-08 22:00:31	5	1	1	0
       11	2026-06-08 22:00:42	5	1	1	0
       16	2026-06-08 22:00:55	5	1	1	0
       15	2026-06-08 22:01:00	5	1	1	0
      120	2026-06-08 22:01:09	5	1	1	0
       30	2026-06-08 22:01:15	5	1	1	0
       68	2026-06-08 22:01:20	5	1	1	0
       17	2026-06-08 22:01:25	5	1	1	0
       44	2026-06-08 22:01:32	5	1	1	0
       29	2026-06-08 22:01:38	5	1	1	0
      123	2026-06-08 22:01:44	5	1	1	0
      121	2026-06-08 22:01:51	5	1	1	0
      111	2026-06-08 22:02:03	5	1	1	0
       45	2026-06-08 22:02:19	5	1	1	0
       61	2026-06-08 22:02:25	5	1	1	0
        6	2026-06-08 22:02:34	5	1	1	0
       76	2026-06-08 22:02:42	5	1	1	0
       17	2026-06-09 07:27:54	5	0	1	0
        8	2026-06-09 07:28:59	5	0	1	0
      147	2026-06-09 07:33:53	5	0	1	0
       19	2026-06-09 08:08:43	5	0	1	0
       76	2026-06-09 08:12:30	5	0	1	0
        6	2026-06-09 08:13:47	5	0	1	0
       58	2026-06-09 08:14:52	5	0	1	0
       58	2026-06-09 08:14:55	5	0	1	0
       11	2026-06-09 08:18:08	5	0	1	0
       86	2026-06-09 08:18:32	5	0	1	0
      111	2026-06-09 08:18:52	5	0	1	0
       61	2026-06-09 08:21:46	5	0	1	0
      123	2026-06-09 08:21:55	5	0	1	0
      121	2026-06-09 08:23:58	5	0	1	0
       16	2026-06-09 08:27:31	5	0	1	0
     5555	2026-06-09 08:27:45	5	0	1	0
       29	2026-06-09 08:33:38	5	0	1	0
       44	2026-06-09 08:36:54	5	0	1	0
      114	2026-06-09 08:38:22	5	0	1	0
       68	2026-06-09 08:42:07	5	0	1	0
      145	2026-06-09 08:42:50	5	0	1	0
       30	2026-06-09 08:46:13	5	0	1	0
        8	2026-06-09 20:43:35	5	1	1	0
       19	2026-06-09 22:00:02	5	1	1	0
      145	2026-06-09 22:00:08	5	1	1	0
       76	2026-06-09 22:00:13	5	1	1	0
       16	2026-06-09 22:00:18	5	1	1	0
       58	2026-06-09 22:00:23	5	1	1	0
      147	2026-06-09 22:00:29	5	1	1	0
       30	2026-06-09 22:00:35	5	1	1	0
       29	2026-06-09 22:00:41	5	1	1	0
      114	2026-06-09 22:00:45	5	1	1	0
       68	2026-06-09 22:00:51	5	1	1	0
       17	2026-06-09 22:01:00	5	1	1	0
       11	2026-06-09 22:01:07	5	1	1	0
       44	2026-06-09 22:01:20	5	1	1	0
      121	2026-06-09 22:01:28	5	1	1	0
       86	2026-06-09 22:01:40	5	1	1	0
      111	2026-06-09 22:01:45	5	1	1	0
      123	2026-06-09 22:01:49	5	1	1	0
        8	2026-06-10 07:26:14	5	0	1	0
       17	2026-06-10 07:26:22	5	0	1	0
       11	2026-06-10 08:17:50	5	0	1	0
       86	2026-06-10 08:18:01	5	0	1	0
        6	2026-06-10 08:19:24	5	0	1	0
      145	2026-06-10 08:21:58	5	0	1	0
       16	2026-06-10 08:23:05	5	0	1	0
       61	2026-06-10 08:24:31	5	0	1	0
       45	2026-06-10 08:26:16	5	0	1	0
       15	2026-06-10 08:27:49	5	0	1	0
       27	2026-06-10 08:30:18	5	0	1	0
      120	2026-06-10 08:30:30	5	0	1	0
       18	2026-06-10 08:33:28	5	0	1	0
      121	2026-06-10 08:33:35	5	0	1	0
      114	2026-06-10 08:34:11	5	0	1	0
       29	2026-06-10 08:36:48	5	0	1	0
       44	2026-06-10 08:37:51	5	0	1	0
       85	2026-06-10 08:38:46	5	0	1	0
       58	2026-06-10 08:39:42	5	0	1	0
      146	2026-06-10 08:41:21	5	0	1	0
      111	2026-06-10 08:41:47	5	0	1	0
      123	2026-06-10 08:42:22	5	0	1	0
       30	2026-06-10 10:31:54	5	0	1	0
        8	2026-06-10 20:16:19	5	1	1	0
       27	2026-06-10 22:00:03	5	1	1	0
       15	2026-06-10 22:00:10	5	1	1	0
       17	2026-06-10 22:00:17	5	1	1	0
      146	2026-06-10 22:00:23	5	1	1	0
        6	2026-06-10 22:00:28	5	1	1	0
       44	2026-06-10 22:00:32	5	1	1	0
       16	2026-06-10 22:00:37	5	1	1	0
      145	2026-06-10 22:00:47	5	1	1	0
      121	2026-06-10 22:01:15	5	1	1	0
       58	2026-06-10 22:01:21	5	1	1	0
       29	2026-06-10 22:01:26	5	1	1	0
       30	2026-06-10 22:01:32	5	1	1	0
      123	2026-06-10 22:01:37	5	1	1	0
       11	2026-06-10 22:01:47	5	1	1	0
       18	2026-06-10 22:01:55	5	1	1	0
      111	2026-06-10 22:02:01	5	1	1	0
       45	2026-06-10 22:02:07	5	1	1	0
       85	2026-06-10 22:02:14	5	1	1	0
      120	2026-06-10 22:02:20	5	1	1	0
       61	2026-06-10 22:02:29	5	1	1	0
       86	2026-06-10 22:02:38	5	1	1	0
       17	2026-06-11 07:30:06	5	0	1	0
        8	2026-06-11 07:30:59	5	0	1	0
      147	2026-06-11 07:38:27	5	0	1	0
       86	2026-06-11 07:54:17	5	0	1	0
       18	2026-06-11 07:58:59	5	0	1	0
       19	2026-06-11 08:11:17	5	0	1	0
       61	2026-06-11 08:13:38	5	0	1	0
      123	2026-06-11 08:16:41	5	0	1	0
       58	2026-06-11 08:18:05	5	0	1	0
       58	2026-06-11 08:18:07	5	0	1	0
       29	2026-06-11 08:19:04	5	0	1	0
      111	2026-06-11 08:19:17	5	0	1	0
        6	2026-06-11 08:19:24	5	0	1	0
      146	2026-06-11 08:19:28	5	0	1	0
       15	2026-06-11 08:25:14	5	0	1	0
      145	2026-06-11 08:28:46	5	0	1	0
       45	2026-06-11 08:30:56	5	0	1	0
     5555	2026-06-11 08:31:11	5	0	1	0
       27	2026-06-11 08:32:08	5	0	1	0
      120	2026-06-11 08:32:14	5	0	1	0
       68	2026-06-11 08:37:53	5	0	1	0
       44	2026-06-11 08:40:44	5	0	1	0
      114	2026-06-11 08:41:55	5	0	1	0
       85	2026-06-11 08:45:07	5	0	1	0
       76	2026-06-11 08:48:53	5	0	1	0
     5555	2026-06-11 19:19:43	5	1	1	0
     5555	2026-06-11 20:01:17	5	1	1	0
        8	2026-06-11 20:10:50	5	1	1	0
       58	2026-06-11 21:38:02	5	1	1	0
       58	2026-06-11 21:38:07	5	1	1	0
       61	2026-06-11 22:00:12	5	1	1	0
       85	2026-06-11 22:00:16	5	1	1	0
      147	2026-06-11 22:00:23	5	1	1	0
      145	2026-06-11 22:00:29	5	1	1	0
       18	2026-06-11 22:00:40	5	1	1	0
       68	2026-06-11 22:00:45	5	1	1	0
      146	2026-06-11 22:00:48	5	1	1	0
       44	2026-06-11 22:00:55	5	1	1	0
       17	2026-06-11 22:01:02	5	1	1	0
       27	2026-06-11 22:01:08	5	1	1	0
      111	2026-06-11 22:01:13	5	1	1	0
       15	2026-06-11 22:01:19	5	1	1	0
      123	2026-06-11 22:01:29	5	1	1	0
       76	2026-06-11 22:01:35	5	1	1	0
       45	2026-06-11 22:01:40	5	1	1	0
      120	2026-06-11 22:01:45	5	1	1	0
       29	2026-06-11 22:01:50	5	1	1	0
       86	2026-06-11 22:02:19	5	1	1	0
      147	2026-06-12 07:26:29	5	0	1	0
       17	2026-06-12 07:26:52	5	0	1	0
        8	2026-06-12 07:27:10	5	0	1	0
       86	2026-06-12 08:01:46	5	0	1	0
        7	2026-06-12 08:08:33	5	0	1	0
        6	2026-06-12 08:08:54	5	0	1	0
       19	2026-06-12 08:10:41	5	0	1	0
       76	2026-06-12 08:13:44	5	0	1	0
       61	2026-06-12 08:14:20	5	0	1	0
       11	2026-06-12 08:14:58	5	0	1	0
      111	2026-06-12 08:16:19	5	0	1	0
      123	2026-06-12 08:18:53	5	0	1	0
       15	2026-06-12 08:22:35	5	0	1	0
      146	2026-06-12 08:24:00	5	0	1	0
       16	2026-06-12 08:26:10	5	0	1	0
       27	2026-06-12 08:26:30	5	0	1	0
      120	2026-06-12 08:26:40	5	0	1	0
     5555	2026-06-12 08:30:25	5	0	1	0
      114	2026-06-12 08:32:36	5	0	1	0
       45	2026-06-12 08:35:20	5	0	1	0
      121	2026-06-12 08:36:21	5	0	1	0
       44	2026-06-12 08:36:34	5	0	1	0
       68	2026-06-12 08:39:06	5	0	1	0
       85	2026-06-12 08:41:04	5	0	1	0
       18	2026-06-12 08:41:18	5	0	1	0
     5555	2026-06-12 18:20:14	5	1	1	0
        8	2026-06-12 20:19:34	5	1	1	0
       18	2026-06-12 22:00:03	5	1	1	0
       68	2026-06-12 22:00:09	5	1	1	0
       27	2026-06-12 22:00:15	5	1	1	0
      146	2026-06-12 22:00:21	5	1	1	0
       44	2026-06-12 22:00:34	5	1	1	0
      147	2026-06-12 22:00:39	5	1	1	0
        7	2026-06-12 22:00:46	5	1	1	0
      114	2026-06-12 22:00:51	5	1	1	0
      123	2026-06-12 22:00:57	5	1	1	0
       85	2026-06-12 22:01:09	5	1	1	0
       45	2026-06-12 22:01:17	5	1	1	0
       15	2026-06-12 22:01:25	5	1	1	0
      120	2026-06-12 22:01:36	5	1	1	0
      121	2026-06-12 22:01:47	5	1	1	0
       17	2026-06-12 22:01:56	5	1	1	0
       16	2026-06-12 22:02:09	5	1	1	0
       76	2026-06-12 22:02:19	5	1	1	0
       11	2026-06-12 22:02:34	5	1	1	0
       86	2026-06-12 22:03:44	5	1	1	0
       61	2026-06-12 22:04:06	5	1	1	0
      111	2026-06-12 22:04:25	5	1	1	0
        6	2026-06-12 22:04:32	5	1	1	0
       17	2026-06-13 07:37:23	5	0	1	0
      147	2026-06-13 07:37:32	5	0	1	0
        7	2026-06-13 07:38:16	5	0	1	0
        8	2026-06-13 07:39:22	5	0	1	0
       76	2026-06-13 07:50:35	5	0	1	0
       19	2026-06-13 08:07:04	5	0	1	0
       15	2026-06-13 08:13:45	5	0	1	0
        6	2026-06-13 08:17:06	5	0	1	0
      111	2026-06-13 08:17:12	5	0	1	0
       11	2026-06-13 08:20:13	5	0	1	0
       86	2026-06-13 08:20:39	5	0	1	0
       58	2026-06-13 08:21:27	5	0	1	0
       58	2026-06-13 08:21:30	5	0	1	0
       29	2026-06-13 08:22:49	5	0	1	0
      146	2026-06-13 08:22:59	5	0	1	0
       27	2026-06-13 08:24:21	5	0	1	0
      120	2026-06-13 08:24:48	5	0	1	0
       45	2026-06-13 08:26:30	5	0	1	0
       45	2026-06-13 08:26:37	5	0	1	0
      114	2026-06-13 08:26:44	5	0	1	0
       16	2026-06-13 08:27:30	5	0	1	0
     5555	2026-06-13 08:29:01	5	0	1	0
       61	2026-06-13 08:31:00	5	0	1	0
      123	2026-06-13 08:31:11	5	0	1	0
       44	2026-06-13 08:34:25	5	0	1	0
      121	2026-06-13 08:35:21	5	0	1	0
      145	2026-06-13 08:35:38	5	0	1	0
       85	2026-06-13 08:38:29	5	0	1	0
       18	2026-06-13 08:39:34	5	0	1	0
       68	2026-06-13 08:42:00	5	0	1	0
     5555	2026-06-13 18:01:52	5	1	1	0
        8	2026-06-13 20:24:12	5	1	1	0
       27	2026-06-13 22:00:04	5	1	1	0
      145	2026-06-13 22:00:12	5	1	1	0
      147	2026-06-13 22:00:18	5	1	1	0
       68	2026-06-13 22:00:23	5	1	1	0
       16	2026-06-13 22:00:27	5	1	1	0
       58	2026-06-13 22:00:32	5	1	1	0
       19	2026-06-13 22:00:36	5	1	1	0
      146	2026-06-13 22:00:40	5	1	1	0
        7	2026-06-13 22:00:56	5	1	1	0
      120	2026-06-13 22:01:03	5	1	1	0
       61	2026-06-13 22:01:10	5	1	1	0
       18	2026-06-13 22:01:18	5	1	1	0
       29	2026-06-13 22:01:27	5	1	1	0
       17	2026-06-13 22:01:31	5	1	1	0
      123	2026-06-13 22:01:35	5	1	1	0
       15	2026-06-13 22:01:42	5	1	1	0
      111	2026-06-13 22:01:48	5	1	1	0
        6	2026-06-13 22:01:54	5	1	1	0
       44	2026-06-13 22:01:59	5	1	1	0
       76	2026-06-13 22:02:17	5	1	1	0
       85	2026-06-13 22:02:25	5	1	1	0
       86	2026-06-13 22:02:47	5	1	1	0
       11	2026-06-13 22:07:10	5	1	1	0
       45	2026-06-13 22:15:22	5	1	1	0
      121	2026-06-13 22:16:21	5	1	1	0
       17	2026-06-14 07:16:43	5	0	1	0
        8	2026-06-14 07:24:46	5	0	1	0
      147	2026-06-14 07:36:39	5	0	1	0
        7	2026-06-14 07:42:30	5	0	1	0
       18	2026-06-14 07:45:58	5	0	1	0
       19	2026-06-14 08:06:40	5	0	1	0
       61	2026-06-14 08:09:38	5	0	1	0
        6	2026-06-14 08:11:06	5	0	1	0
       15	2026-06-14 08:11:12	5	0	1	0
       58	2026-06-14 08:15:55	5	0	1	0
       58	2026-06-14 08:15:59	5	0	1	0
      111	2026-06-14 08:16:41	5	0	1	0
       76	2026-06-14 08:18:10	5	0	1	0
       11	2026-06-14 08:20:09	5	0	1	0
       86	2026-06-14 08:20:34	5	0	1	0
      123	2026-06-14 08:20:45	5	0	1	0
       29	2026-06-14 08:21:14	5	0	1	0
       27	2026-06-14 08:21:21	5	0	1	0
      120	2026-06-14 08:22:24	5	0	1	0
      146	2026-06-14 08:25:08	5	0	1	0
     5555	2026-06-14 08:27:38	5	0	1	0
       45	2026-06-14 08:28:03	5	0	1	0
      114	2026-06-14 08:30:41	5	0	1	0
       30	2026-06-14 08:31:01	5	0	1	0
       16	2026-06-14 08:31:06	5	0	1	0
       44	2026-06-14 08:31:51	5	0	1	0
       85	2026-06-14 08:37:08	5	0	1	0
      145	2026-06-14 08:40:39	5	0	1	0
       68	2026-06-14 08:44:59	5	0	1	0
     5555	2026-06-14 18:10:07	5	1	1	0
        8	2026-06-14 20:11:39	5	1	1	0
       18	2026-06-14 22:00:05	5	1	1	0
       15	2026-06-14 22:00:11	5	1	1	0
      147	2026-06-14 22:00:17	5	1	1	0
       16	2026-06-14 22:00:22	5	1	1	0
      145	2026-06-14 22:00:32	5	1	1	0
      123	2026-06-14 22:00:37	5	1	1	0
       29	2026-06-14 22:00:41	5	1	1	0
      111	2026-06-14 22:00:47	5	1	1	0
       30	2026-06-14 22:00:52	5	1	1	0
        7	2026-06-14 22:00:57	5	1	1	0
       27	2026-06-14 22:01:02	5	1	1	0
       68	2026-06-14 22:01:13	5	1	1	0
       85	2026-06-14 22:01:17	5	1	1	0
       58	2026-06-14 22:01:23	5	1	1	0
       76	2026-06-14 22:01:27	5	1	1	0
       17	2026-06-14 22:01:32	5	1	1	0
      120	2026-06-14 22:01:43	5	1	1	0
        6	2026-06-14 22:01:48	5	1	1	0
       44	2026-06-14 22:02:05	5	1	1	0
       45	2026-06-14 22:02:12	5	1	1	0
       61	2026-06-14 22:02:17	5	1	1	0
       11	2026-06-14 22:02:25	5	1	1	0
       86	2026-06-14 22:02:32	5	1	1	0
       17	2026-06-15 07:27:29	5	0	1	0
      147	2026-06-15 07:27:38	5	0	1	0
        8	2026-06-15 07:28:47	5	0	1	0
       45	2026-06-15 08:02:38	5	0	1	0
       19	2026-06-15 08:09:50	5	0	1	0
       27	2026-06-15 08:21:41	5	0	1	0
      120	2026-06-15 08:22:21	5	0	1	0
       76	2026-06-15 08:23:15	5	0	1	0
        6	2026-06-15 08:25:55	5	0	1	0
       11	2026-06-15 08:26:07	5	0	1	0
       86	2026-06-15 08:26:30	5	0	1	0
       58	2026-06-15 08:27:00	5	0	1	0
       29	2026-06-15 08:28:22	5	0	1	0
      121	2026-06-15 08:29:02	5	0	1	0
       44	2026-06-15 08:30:28	5	0	1	0
       68	2026-06-15 08:30:39	5	0	1	0
       16	2026-06-15 08:30:59	5	0	1	0
       15	2026-06-15 08:31:46	5	0	1	0
      146	2026-06-15 08:32:40	5	0	1	0
      123	2026-06-15 08:32:47	5	0	1	0
       61	2026-06-15 08:34:21	5	0	1	0
      145	2026-06-15 08:34:44	5	0	1	0
       18	2026-06-15 08:35:51	5	0	1	0
       30	2026-06-15 08:41:29	5	0	1	0
     5555	2026-06-15 08:41:49	5	0	1	0
     5555	2026-06-15 18:20:14	5	1	1	0
       16	2026-06-15 22:00:02	5	1	1	0
       27	2026-06-15 22:00:08	5	1	1	0
       18	2026-06-15 22:00:25	5	1	1	0
       58	2026-06-15 22:00:30	5	1	1	0
       15	2026-06-15 22:00:35	5	1	1	0
       45	2026-06-15 22:00:40	5	1	1	0
      123	2026-06-15 22:00:45	5	1	1	0
       68	2026-06-15 22:00:50	5	1	1	0
       11	2026-06-15 22:00:57	5	1	1	0
      145	2026-06-15 22:01:03	5	1	1	0
       61	2026-06-15 22:01:09	5	1	1	0
      147	2026-06-15 22:01:15	5	1	1	0
       86	2026-06-15 22:01:20	5	1	1	0
       29	2026-06-15 22:01:25	5	1	1	0
       17	2026-06-15 22:01:30	5	1	1	0
        7	2026-06-15 22:01:35	5	1	1	0
       44	2026-06-15 22:01:41	5	1	1	0
      120	2026-06-15 22:01:46	5	1	1	0
       30	2026-06-15 22:01:54	5	1	1	0
        6	2026-06-15 22:02:00	5	1	1	0
       76	2026-06-15 22:02:05	5	1	1	0
      121	2026-06-15 22:02:15	5	1	1	0
       17	2026-06-16 07:26:32	5	0	1	0
      147	2026-06-16 07:34:30	5	0	1	0
       18	2026-06-16 07:46:14	5	0	1	0
        7	2026-06-16 08:02:47	5	0	1	0
       19	2026-06-16 08:10:23	5	0	1	0
       58	2026-06-16 08:13:28	5	0	1	0
       58	2026-06-16 08:13:30	5	0	1	0
       27	2026-06-16 08:14:44	5	0	1	0
      120	2026-06-16 08:15:28	5	0	1	0
       11	2026-06-16 08:18:51	5	0	1	0
       86	2026-06-16 08:19:11	5	0	1	0
      145	2026-06-16 08:19:49	5	0	1	0
       61	2026-06-16 08:22:27	5	0	1	0
     5555	2026-06-16 08:22:46	5	0	1	0
      123	2026-06-16 08:23:05	5	0	1	0
       15	2026-06-16 08:23:33	5	0	1	0
        6	2026-06-16 08:26:36	5	0	1	0
       76	2026-06-16 08:26:41	5	0	1	0
      111	2026-06-16 08:26:49	5	0	1	0
       29	2026-06-16 08:27:52	5	0	1	0
       45	2026-06-16 08:30:21	5	0	1	0
      114	2026-06-16 08:31:58	5	0	1	0
      121	2026-06-16 08:32:25	5	0	1	0
       44	2026-06-16 08:35:04	5	0	1	0
       16	2026-06-16 08:35:31	5	0	1	0
      146	2026-06-16 08:35:36	5	0	1	0
       68	2026-06-16 08:35:41	5	0	1	0
       30	2026-06-16 08:40:49	5	0	1	0
       85	2026-06-16 08:42:06	5	0	1	0
     5555	2026-06-16 18:00:13	5	1	1	0
       11	2026-06-16 22:00:04	5	1	1	0
       30	2026-06-16 22:00:09	5	1	1	0
       19	2026-06-16 22:00:14	5	1	1	0
        7	2026-06-16 22:00:19	5	1	1	0
       16	2026-06-16 22:00:24	5	1	1	0
      145	2026-06-16 22:00:30	5	1	1	0
       86	2026-06-16 22:00:37	5	1	1	0
       27	2026-06-16 22:00:42	5	1	1	0
        6	2026-06-16 22:00:48	5	1	1	0
       18	2026-06-16 22:00:57	5	1	1	0
       58	2026-06-16 22:01:02	5	1	1	0
       15	2026-06-16 22:01:07	5	1	1	0
      147	2026-06-16 22:01:13	5	1	1	0
       45	2026-06-16 22:01:18	5	1	1	0
      146	2026-06-16 22:01:22	5	1	1	0
      111	2026-06-16 22:01:27	5	1	1	0
      123	2026-06-16 22:01:32	5	1	1	0
       68	2026-06-16 22:01:49	5	1	1	0
      120	2026-06-16 22:01:53	5	1	1	0
       61	2026-06-16 22:01:58	5	1	1	0
       85	2026-06-16 22:02:04	5	1	1	0
       44	2026-06-16 22:02:08	5	1	1	0
       76	2026-06-16 22:02:15	5	1	1	0
       29	2026-06-16 22:02:20	5	1	1	0
       17	2026-06-16 22:02:25	5	1	1	0
      121	2026-06-16 22:02:35	5	1	1	0
       17	2026-06-17 07:19:02	5	0	1	0
        8	2026-06-17 07:19:58	5	0	1	0
        7	2026-06-17 07:36:12	5	0	1	0
       86	2026-06-17 08:04:00	5	0	1	0
       19	2026-06-17 08:08:29	5	0	1	0
       58	2026-06-17 08:11:19	5	0	1	0
       58	2026-06-17 08:11:22	5	0	1	0
       76	2026-06-17 08:16:20	5	0	1	0
       61	2026-06-17 08:19:46	5	0	1	0
      111	2026-06-17 08:23:12	5	0	1	0
       29	2026-06-17 08:23:34	5	0	1	0
       45	2026-06-17 08:25:58	5	0	1	0
      123	2026-06-17 08:27:12	5	0	1	0
      146	2026-06-17 08:30:00	5	0	1	0
       15	2026-06-17 08:31:09	5	0	1	0
       44	2026-06-17 08:33:11	5	0	1	0
      121	2026-06-17 08:35:45	5	0	1	0
      145	2026-06-17 08:37:20	5	0	1	0
       27	2026-06-17 08:38:05	5	0	1	0
       85	2026-06-17 08:38:12	5	0	1	0
       16	2026-06-17 08:38:17	5	0	1	0
       30	2026-06-17 08:40:04	5	0	1	0
      114	2026-06-17 08:44:50	5	0	1	0
        8	2026-06-17 20:22:20	5	1	1	0
       15	2026-06-17 22:00:24	5	1	1	0
       27	2026-06-17 22:00:30	5	1	1	0
      145	2026-06-17 22:00:39	5	1	1	0
      145	2026-06-17 22:00:42	5	1	1	0
       17	2026-06-17 22:00:47	5	1	1	0
       61	2026-06-17 22:00:51	5	1	1	0
       29	2026-06-17 22:00:59	5	1	1	0
      114	2026-06-17 22:01:08	5	1	1	0
        7	2026-06-17 22:01:45	5	1	1	0
      123	2026-06-17 22:02:29	5	1	1	0
       58	2026-06-17 22:12:20	5	1	1	0
       76	2026-06-17 22:12:28	5	1	1	0
      121	2026-06-17 22:14:41	5	1	1	0
       85	2026-06-17 22:17:40	5	1	1	0
       16	2026-06-17 22:17:52	5	1	1	0
       86	2026-06-17 22:18:01	5	1	1	0
       45	2026-06-17 22:18:14	5	1	1	0
       30	2026-06-17 22:18:21	5	1	1	0
      147	2026-06-18 07:36:08	5	0	1	0
        8	2026-06-18 07:36:25	5	0	1	0
       17	2026-06-18 07:36:54	5	0	1	0
        6	2026-06-18 07:49:00	5	0	1	0
       18	2026-06-18 07:54:36	5	0	1	0
       58	2026-06-18 08:09:57	5	0	1	0
       58	2026-06-18 08:10:00	5	0	1	0
       19	2026-06-18 08:11:09	5	0	1	0
      121	2026-06-18 08:22:23	5	0	1	0
       11	2026-06-18 08:24:18	5	0	1	0
       86	2026-06-18 08:24:47	5	0	1	0
       76	2026-06-18 08:26:15	5	0	1	0
        7	2026-06-18 08:26:28	5	0	1	0
       27	2026-06-18 08:26:43	5	0	1	0
       29	2026-06-18 08:26:52	5	0	1	0
      120	2026-06-18 08:26:58	5	0	1	0
       68	2026-06-18 08:27:11	5	0	1	0
      114	2026-06-18 08:27:57	5	0	1	0
      111	2026-06-18 08:30:34	5	0	1	0
       44	2026-06-18 08:31:00	5	0	1	0
      123	2026-06-18 08:32:41	5	0	1	0
      145	2026-06-18 08:36:09	5	0	1	0
       30	2026-06-18 08:39:05	5	0	1	0
     5555	2026-06-18 08:39:57	5	0	1	0
       16	2026-06-18 09:13:14	5	0	1	0
       85	2026-06-18 09:20:48	5	0	1	0
     5555	2026-06-18 18:56:39	5	1	1	0
        8	2026-06-18 20:08:20	5	1	1	0
       27	2026-06-18 22:00:03	5	1	1	0
       17	2026-06-18 22:00:09	5	1	1	0
       16	2026-06-18 22:00:13	5	1	1	0
      120	2026-06-18 22:00:19	5	1	1	0
      123	2026-06-18 22:00:32	5	1	1	0
      145	2026-06-18 22:00:37	5	1	1	0
       19	2026-06-18 22:00:42	5	1	1	0
       44	2026-06-18 22:00:47	5	1	1	0
      147	2026-06-18 22:00:52	5	1	1	0
       29	2026-06-18 22:00:57	5	1	1	0
       68	2026-06-18 22:01:02	5	1	1	0
       85	2026-06-18 22:01:05	5	1	1	0
      114	2026-06-18 22:01:09	5	1	1	0
       58	2026-06-18 22:01:15	5	1	1	0
        7	2026-06-18 22:01:21	5	1	1	0
        6	2026-06-18 22:01:27	5	1	1	0
       18	2026-06-18 22:01:33	5	1	1	0
      121	2026-06-18 22:01:40	5	1	1	0
       30	2026-06-18 22:02:16	5	1	1	0
       11	2026-06-18 22:02:24	5	1	1	0
      111	2026-06-18 22:02:29	5	1	1	0
       76	2026-06-18 22:02:38	5	1	1	0
       86	2026-06-18 22:02:47	5	1	1	0
       17	2026-06-19 07:27:28	5	0	1	0
        8	2026-06-19 07:30:43	5	0	1	0
      147	2026-06-19 07:34:36	5	0	1	0
        7	2026-06-19 07:58:31	5	0	1	0
       19	2026-06-19 08:11:27	5	0	1	0
       76	2026-06-19 08:15:10	5	0	1	0
      111	2026-06-19 08:15:16	5	0	1	0
        6	2026-06-19 08:17:40	5	0	1	0
       29	2026-06-19 08:22:45	5	0	1	0
       45	2026-06-19 08:23:57	5	0	1	0
       61	2026-06-19 08:24:10	5	0	1	0
       15	2026-06-19 08:26:12	5	0	1	0
       44	2026-06-19 08:26:23	5	0	1	0
       16	2026-06-19 08:27:12	5	0	1	0
      145	2026-06-19 08:29:05	5	0	1	0
       27	2026-06-19 08:34:51	5	0	1	0
      121	2026-06-19 08:34:58	5	0	1	0
      146	2026-06-19 08:35:19	5	0	1	0
       68	2026-06-19 08:37:23	5	0	1	0
       30	2026-06-19 08:37:47	5	0	1	0
       85	2026-06-19 08:38:48	5	0	1	0
        8	2026-06-19 20:21:47	5	1	1	0
       61	2026-06-19 22:00:05	5	1	1	0
      145	2026-06-19 22:00:10	5	1	1	0
        7	2026-06-19 22:00:16	5	1	1	0
       15	2026-06-19 22:00:21	5	1	1	0
       68	2026-06-19 22:00:30	5	1	1	0
      120	2026-06-19 22:00:40	5	1	1	0
      147	2026-06-19 22:00:45	5	1	1	0
        6	2026-06-19 22:01:07	5	1	1	0
      121	2026-06-19 22:01:23	5	1	1	0
       17	2026-06-19 22:02:15	5	1	1	0
       85	2026-06-19 22:02:49	5	1	1	0
      111	2026-06-19 22:03:43	5	1	1	0
       29	2026-06-19 22:03:48	5	1	1	0
      114	2026-06-19 22:03:53	5	1	1	0
       76	2026-06-19 22:04:04	5	1	1	0
       16	2026-06-19 22:07:35	5	1	1	0
       30	2026-06-19 22:07:52	5	1	1	0
       11	2026-06-19 22:08:06	5	1	1	0
       86	2026-06-19 22:08:15	5	1	1	0
       45	2026-06-19 22:08:45	5	1	1	0
       17	2026-06-20 07:25:47	5	0	1	0
      147	2026-06-20 07:30:27	5	0	1	0
       18	2026-06-20 07:44:58	5	0	1	0
       19	2026-06-20 08:14:32	5	0	1	0
       58	2026-06-20 08:16:49	5	0	1	0
       58	2026-06-20 08:16:52	5	0	1	0
        7	2026-06-20 08:18:11	5	0	1	0
       61	2026-06-20 08:18:30	5	0	1	0
      123	2026-06-20 08:18:42	5	0	1	0
        6	2026-06-20 08:20:45	5	0	1	0
       76	2026-06-20 08:21:25	5	0	1	0
      111	2026-06-20 08:22:04	5	0	1	0
       11	2026-06-20 08:22:13	5	0	1	0
       86	2026-06-20 08:22:36	5	0	1	0
       27	2026-06-20 08:23:01	5	0	1	0
       15	2026-06-20 08:23:21	5	0	1	0
      120	2026-06-20 08:23:41	5	0	1	0
      146	2026-06-20 08:24:19	5	0	1	0
       29	2026-06-20 08:25:47	5	0	1	0
      145	2026-06-20 08:27:20	5	0	1	0
       68	2026-06-20 08:30:02	5	0	1	0
       16	2026-06-20 08:31:56	5	0	1	0
       45	2026-06-20 08:32:33	5	0	1	0
       45	2026-06-20 08:32:38	5	0	1	0
       44	2026-06-20 08:34:25	5	0	1	0
      114	2026-06-20 08:36:00	5	0	1	0
       85	2026-06-20 08:36:50	5	0	1	0
      121	2026-06-20 08:40:37	5	0	1	0
       30	2026-06-20 08:43:08	5	0	1	0
        8	2026-06-20 20:01:53	5	1	1	0
       27	2026-06-20 22:00:04	5	1	1	0
       68	2026-06-20 22:00:18	5	1	1	0
       44	2026-06-20 22:00:23	5	1	1	0
       58	2026-06-20 22:00:28	5	1	1	0
      111	2026-06-20 22:00:33	5	1	1	0
      120	2026-06-20 22:00:37	5	1	1	0
      145	2026-06-20 22:00:43	5	1	1	0
        7	2026-06-20 22:00:48	5	1	1	0
        6	2026-06-20 22:00:53	5	1	1	0
       15	2026-06-20 22:00:59	5	1	1	0
      123	2026-06-20 22:01:05	5	1	1	0
       16	2026-06-20 22:01:16	5	1	1	0
       17	2026-06-20 22:01:26	5	1	1	0
       76	2026-06-20 22:02:04	5	1	1	0
       18	2026-06-20 22:02:33	5	1	1	0
       61	2026-06-20 22:02:41	5	1	1	0
      147	2026-06-20 22:03:35	5	1	1	0
       30	2026-06-20 22:03:45	5	1	1	0
       29	2026-06-20 22:03:50	5	1	1	0
       86	2026-06-20 22:04:02	5	1	1	0
       11	2026-06-20 22:04:13	5	1	1	0
      121	2026-06-20 22:04:37	5	1	1	0
      114	2026-06-20 22:04:49	5	1	1	0
       85	2026-06-20 22:05:33	5	1	1	0
       45	2026-06-20 22:05:41	5	1	1	0
        8	2026-06-21 07:32:37	5	0	1	0
      147	2026-06-21 07:38:44	5	0	1	0
       18	2026-06-21 07:48:20	5	0	1	0
       19	2026-06-21 07:50:48	5	0	1	0
        7	2026-06-21 08:00:22	5	0	1	0
        6	2026-06-21 08:00:45	5	0	1	0
       17	2026-06-21 08:01:30	5	0	1	0
       15	2026-06-21 08:09:27	5	0	1	0
       27	2026-06-21 08:11:25	5	0	1	0
      120	2026-06-21 08:11:43	5	0	1	0
       76	2026-06-21 08:13:08	5	0	1	0
       61	2026-06-21 08:13:21	5	0	1	0
       45	2026-06-21 08:20:59	5	0	1	0
      123	2026-06-21 08:23:43	5	0	1	0
      111	2026-06-21 08:23:49	5	0	1	0
       11	2026-06-21 08:25:08	5	0	1	0
       86	2026-06-21 08:25:17	5	0	1	0
       29	2026-06-21 08:25:32	5	0	1	0
      114	2026-06-21 08:28:32	5	0	1	0
      146	2026-06-21 08:29:39	5	0	1	0
       16	2026-06-21 08:30:09	5	0	1	0
       30	2026-06-21 08:34:17	5	0	1	0
       68	2026-06-21 08:35:07	5	0	1	0
       44	2026-06-21 08:38:08	5	0	1	0
      145	2026-06-21 08:40:04	5	0	1	0
       85	2026-06-21 08:42:24	5	0	1	0
      121	2026-06-21 08:47:31	5	0	1	0
       58	2026-06-21 08:48:01	5	0	1	0
        8	2026-06-21 20:15:53	5	1	1	0
       19	2026-06-21 22:00:03	5	1	1	0
      147	2026-06-21 22:00:08	5	1	1	0
      145	2026-06-21 22:00:14	5	1	1	0
        6	2026-06-21 22:00:21	5	1	1	0
      146	2026-06-21 22:00:23	5	1	1	0
       44	2026-06-21 22:00:30	5	1	1	0
       15	2026-06-21 22:00:35	5	1	1	0
       17	2026-06-21 22:00:40	5	1	1	0
       85	2026-06-21 22:00:45	5	1	1	0
      114	2026-06-21 22:00:50	5	1	1	0
       68	2026-06-21 22:00:59	5	1	1	0
       29	2026-06-21 22:01:04	5	1	1	0
       27	2026-06-21 22:01:11	5	1	1	0
       18	2026-06-21 22:01:19	5	1	1	0
      120	2026-06-21 22:01:27	5	1	1	0
       30	2026-06-21 22:01:34	5	1	1	0
        7	2026-06-21 22:01:45	5	1	1	0
       16	2026-06-21 22:01:55	5	1	1	0
       58	2026-06-21 22:02:03	5	1	1	0
      123	2026-06-21 22:02:35	5	1	1	0
       61	2026-06-21 22:02:42	5	1	1	0
      111	2026-06-21 22:04:53	5	1	1	0
       76	2026-06-21 22:15:20	5	1	1	0
       11	2026-06-21 22:16:52	5	1	1	0
       86	2026-06-21 22:22:31	5	1	1	0
       86	2026-06-21 22:23:59	5	1	1	0
       76	2026-06-21 22:25:42	5	1	1	0
      121	2026-06-21 22:28:25	5	1	1	0
       45	2026-06-21 22:30:12	5	1	1	0
      147	2026-06-22 08:19:46	5	0	1	0
        6	2026-06-22 08:19:52	5	0	1	0
       19	2026-06-22 08:19:55	5	0	1	0
       27	2026-06-22 08:20:00	5	0	1	0
       76	2026-06-22 08:20:06	5	0	1	0
       15	2026-06-22 08:20:11	5	0	1	0
       17	2026-06-22 08:20:16	5	0	1	0
      111	2026-06-22 08:20:27	5	0	1	0
       11	2026-06-22 08:21:39	5	0	1	0
       86	2026-06-22 08:22:07	5	0	1	0
       58	2026-06-22 08:22:27	5	0	1	0
       58	2026-06-22 08:22:41	5	0	1	0
       61	2026-06-22 08:22:52	5	0	1	0
        7	2026-06-22 08:24:55	5	0	1	0
       45	2026-06-22 08:26:16	5	0	1	0
       45	2026-06-22 08:26:20	5	0	1	0
      123	2026-06-22 08:26:37	5	0	1	0
      121	2026-06-22 08:28:02	5	0	1	0
       68	2026-06-22 08:28:14	5	0	1	0
       29	2026-06-22 08:29:14	5	0	1	0
      145	2026-06-22 08:30:41	5	0	1	0
       16	2026-06-22 08:32:22	5	0	1	0
      146	2026-06-22 08:35:43	5	0	1	0
       18	2026-06-22 08:39:40	5	0	1	0
       85	2026-06-22 08:39:45	5	0	1	0
       30	2026-06-22 08:41:56	5	0	1	0
       27	2026-06-22 22:00:04	5	1	1	0
      145	2026-06-22 22:00:11	5	1	1	0
       68	2026-06-22 22:00:16	5	1	1	0
       61	2026-06-22 22:00:23	5	1	1	0
        7	2026-06-22 22:00:30	5	1	1	0
      121	2026-06-22 22:00:38	5	1	1	0
       85	2026-06-22 22:00:46	5	1	1	0
      123	2026-06-22 22:00:52	5	1	1	0
       58	2026-06-22 22:01:50	5	1	1	0
       15	2026-06-22 22:02:50	5	1	1	0
       18	2026-06-22 22:03:25	5	1	1	0
       30	2026-06-22 22:05:23	5	1	1	0
      111	2026-06-22 22:05:29	5	1	1	0
      147	2026-06-22 22:10:22	5	1	1	0
       16	2026-06-22 22:10:27	5	1	1	0
       29	2026-06-22 22:10:31	5	1	1	0
       86	2026-06-22 22:10:38	5	1	1	0
        6	2026-06-22 22:10:44	5	1	1	0
       45	2026-06-22 22:10:50	5	1	1	0
       11	2026-06-22 22:10:55	5	1	1	0
       76	2026-06-22 22:11:15	5	1	1	0
      147	2026-06-23 07:37:11	5	0	1	0
       17	2026-06-23 07:37:38	5	0	1	0
        8	2026-06-23 07:39:42	5	0	1	0
        7	2026-06-23 07:57:05	5	0	1	0
       61	2026-06-23 08:09:58	5	0	1	0
       15	2026-06-23 08:10:52	5	0	1	0
       11	2026-06-23 08:11:00	5	0	1	0
       86	2026-06-23 08:11:12	5	0	1	0
       86	2026-06-23 08:11:46	5	0	1	0
       58	2026-06-23 08:13:42	5	0	1	0
       58	2026-06-23 08:13:44	5	0	1	0
       76	2026-06-23 08:13:49	5	0	1	0
      111	2026-06-23 08:14:20	5	0	1	0
        6	2026-06-23 08:17:28	5	0	1	0
      123	2026-06-23 08:17:38	5	0	1	0
      120	2026-06-23 08:22:32	5	0	1	0
       45	2026-06-23 08:29:21	5	0	1	0
      121	2026-06-23 08:30:20	5	0	1	0
       44	2026-06-23 08:32:59	5	0	1	0
      146	2026-06-23 08:34:56	5	0	1	0
       68	2026-06-23 08:35:49	5	0	1	0
       16	2026-06-23 08:36:00	5	0	1	0
      145	2026-06-23 08:38:33	5	0	1	0
       85	2026-06-23 08:42:21	5	0	1	0
      114	2026-06-23 08:46:48	5	0	1	0
       30	2026-06-23 08:57:12	5	0	1	0
        6	2026-06-23 19:26:47	5	1	1	0
        8	2026-06-23 20:09:36	5	1	1	0
       61	2026-06-23 22:00:04	5	1	1	0
       68	2026-06-23 22:00:10	5	1	1	0
      147	2026-06-23 22:00:16	5	1	1	0
       17	2026-06-23 22:00:21	5	1	1	0
       85	2026-06-23 22:00:26	5	1	1	0
      145	2026-06-23 22:00:32	5	1	1	0
      120	2026-06-23 22:00:37	5	1	1	0
      111	2026-06-23 22:00:42	5	1	1	0
      123	2026-06-23 22:00:48	5	1	1	0
      121	2026-06-23 22:00:57	5	1	1	0
       15	2026-06-23 22:01:12	5	1	1	0
       44	2026-06-23 22:01:18	5	1	1	0
       58	2026-06-23 22:05:57	5	1	1	0
       86	2026-06-23 22:11:23	5	1	1	0
       16	2026-06-23 22:11:31	5	1	1	0
       11	2026-06-23 22:11:38	5	1	1	0
        7	2026-06-23 22:11:45	5	1	1	0
       30	2026-06-23 22:11:49	5	1	1	0
       76	2026-06-23 22:12:08	5	1	1	0
       45	2026-06-23 22:12:20	5	1	1	0
       17	2026-06-24 07:19:33	5	0	1	0
        7	2026-06-24 07:24:45	5	0	1	0
        8	2026-06-24 07:25:10	5	0	1	0
       58	2026-06-24 08:07:32	5	0	1	0
       58	2026-06-24 08:07:46	5	0	1	0
       19	2026-06-24 08:13:49	5	0	1	0
       15	2026-06-24 08:14:06	5	0	1	0
       27	2026-06-24 08:19:02	5	0	1	0
      120	2026-06-24 08:19:23	5	0	1	0
       61	2026-06-24 08:23:09	5	0	1	0
       76	2026-06-24 08:23:26	5	0	1	0
      114	2026-06-24 08:24:03	5	0	1	0
      111	2026-06-24 08:25:13	5	0	1	0
      146	2026-06-24 08:25:37	5	0	1	0
      123	2026-06-24 08:27:59	5	0	1	0
       11	2026-06-24 08:28:45	5	0	1	0
       18	2026-06-24 08:28:55	5	0	1	0
       86	2026-06-24 08:29:06	5	0	1	0
       45	2026-06-24 08:29:56	5	0	1	0
     5555	2026-06-24 08:30:09	5	0	1	0
       29	2026-06-24 08:31:00	5	0	1	0
       16	2026-06-24 08:31:07	5	0	1	0
      121	2026-06-24 08:32:11	5	0	1	0
       44	2026-06-24 08:35:04	5	0	1	0
      145	2026-06-24 08:38:55	5	0	1	0
       85	2026-06-24 08:40:53	5	0	1	0
     5555	2026-06-24 18:01:30	5	1	1	0
        8	2026-06-24 20:21:09	5	1	1	0
      120	2026-06-24 22:00:02	5	1	1	0
      145	2026-06-24 22:00:24	5	1	1	0
      121	2026-06-24 22:00:39	5	1	1	0
       18	2026-06-24 22:00:46	5	1	1	0
       27	2026-06-24 22:00:52	5	1	1	0
       17	2026-06-24 22:01:00	5	1	1	0
       15	2026-06-24 22:01:06	5	1	1	0
       44	2026-06-24 22:01:28	5	1	1	0
       61	2026-06-24 22:01:41	5	1	1	0
      123	2026-06-24 22:01:49	5	1	1	0
       58	2026-06-24 22:02:05	5	1	1	0
       86	2026-06-24 22:02:17	5	1	1	0
        7	2026-06-24 22:03:25	5	1	1	0
      111	2026-06-24 22:04:26	5	1	1	0
       11	2026-06-24 22:05:19	5	1	1	0
      114	2026-06-24 22:05:27	5	1	1	0
       29	2026-06-24 22:05:37	5	1	1	0
       76	2026-06-24 22:05:43	5	1	1	0
       16	2026-06-24 22:05:51	5	1	1	0
       45	2026-06-24 22:07:15	5	1	1	0
       17	2026-06-25 07:35:36	5	0	1	0
        8	2026-06-25 07:36:44	5	0	1	0
        6	2026-06-25 07:56:32	5	0	1	0
      114	2026-06-25 08:13:09	5	0	1	0
       19	2026-06-25 08:17:02	5	0	1	0
       76	2026-06-25 08:17:06	5	0	1	0
      111	2026-06-25 08:17:25	5	0	1	0
       61	2026-06-25 08:17:41	5	0	1	0
       11	2026-06-25 08:18:16	5	0	1	0
       15	2026-06-25 08:18:22	5	0	1	0
       86	2026-06-25 08:18:41	5	0	1	0
      147	2026-06-25 08:22:40	5	0	1	0
      123	2026-06-25 08:22:55	5	0	1	0
       45	2026-06-25 08:23:04	5	0	1	0
       58	2026-06-25 08:23:13	5	0	1	0
       58	2026-06-25 08:23:15	5	0	1	0
       27	2026-06-25 08:24:01	5	0	1	0
      120	2026-06-25 08:24:13	5	0	1	0
     5555	2026-06-25 08:26:46	5	0	1	0
       44	2026-06-25 08:29:23	5	0	1	0
       18	2026-06-25 08:31:13	5	0	1	0
       29	2026-06-25 08:31:56	5	0	1	0
       16	2026-06-25 08:33:59	5	0	1	0
      145	2026-06-25 08:40:04	5	0	1	0
       30	2026-06-25 09:09:48	5	0	1	0
      150	2026-06-25 15:30:32	5	0	1	0
       37	2026-06-25 15:39:50	5	0	1	0
     5555	2026-06-25 19:25:23	5	1	1	0
        8	2026-06-25 20:23:32	5	1	1	0
       61	2026-06-25 22:00:04	5	1	1	0
      147	2026-06-25 22:00:11	5	1	1	0
      145	2026-06-25 22:00:18	5	1	1	0
       27	2026-06-25 22:00:24	5	1	1	0
       15	2026-06-25 22:00:30	5	1	1	0
       19	2026-06-25 22:00:34	5	1	1	0
      123	2026-06-25 22:00:39	5	1	1	0
       44	2026-06-25 22:00:57	5	1	1	0
       17	2026-06-25 22:01:04	5	1	1	0
      150	2026-06-25 22:01:20	5	1	1	0
      120	2026-06-25 22:01:52	5	1	1	0
       37	2026-06-25 22:02:29	5	1	1	0
       58	2026-06-25 22:02:51	5	1	1	0
       45	2026-06-25 22:09:00	5	1	1	0
       18	2026-06-25 22:09:19	5	1	1	0
       45	2026-06-25 22:09:45	5	1	1	0
       11	2026-06-25 22:10:57	5	1	1	0
       86	2026-06-25 22:11:17	5	1	1	0
       16	2026-06-25 22:11:27	5	1	1	0
       29	2026-06-25 22:12:05	5	1	1	0
       30	2026-06-25 22:12:12	5	1	1	0
        6	2026-06-25 22:12:30	5	1	1	0
      111	2026-06-25 22:13:49	5	1	1	0
       45	2026-06-25 22:15:30	5	1	1	0
       17	2026-06-26 07:32:29	5	0	1	0
        8	2026-06-26 07:34:08	5	0	1	0
      147	2026-06-26 07:40:09	5	0	1	0
        7	2026-06-26 07:49:28	5	0	1	0
       18	2026-06-26 07:50:56	5	0	1	0
      111	2026-06-26 07:52:17	5	0	1	0
       76	2026-06-26 08:06:35	5	0	1	0
       19	2026-06-26 08:10:35	5	0	1	0
       58	2026-06-26 08:16:06	5	0	1	0
       58	2026-06-26 08:17:17	5	0	1	0
        6	2026-06-26 08:21:56	5	0	1	0
      123	2026-06-26 08:22:19	5	0	1	0
       37	2026-06-26 08:23:14	5	0	1	0
      146	2026-06-26 08:23:20	5	0	1	0
       11	2026-06-26 08:23:49	5	0	1	0
      114	2026-06-26 08:24:09	5	0	1	0
      150	2026-06-26 08:24:14	5	0	1	0
       29	2026-06-26 08:24:21	5	0	1	0
       86	2026-06-26 08:24:31	5	0	1	0
     5555	2026-06-26 08:27:47	5	0	1	0
       45	2026-06-26 08:28:14	5	0	1	0
       45	2026-06-26 08:28:19	5	0	1	0
       16	2026-06-26 08:30:00	5	0	1	0
       44	2026-06-26 08:32:27	5	0	1	0
       68	2026-06-26 08:36:29	5	0	1	0
       30	2026-06-26 08:36:59	5	0	1	0
       27	2026-06-26 08:37:20	5	0	1	0
      120	2026-06-26 08:37:28	5	0	1	0
      121	2026-06-26 08:40:36	5	0	1	0
       85	2026-06-26 08:43:08	5	0	1	0
     5555	2026-06-26 19:16:09	5	1	1	0
        8	2026-06-26 21:44:07	5	1	1	0
       68	2026-06-26 22:00:13	5	1	1	0
      146	2026-06-26 22:00:18	5	1	1	0
       30	2026-06-26 22:00:23	5	1	1	0
       19	2026-06-26 22:00:25	5	1	1	0
      120	2026-06-26 22:00:31	5	1	1	0
       18	2026-06-26 22:00:47	5	1	1	0
       27	2026-06-26 22:00:52	5	1	1	0
       17	2026-06-26 22:00:58	5	1	1	0
      114	2026-06-26 22:02:44	5	1	1	0
       29	2026-06-26 22:02:51	5	1	1	0
      123	2026-06-26 22:02:56	5	1	1	0
      150	2026-06-26 22:03:05	5	1	1	0
       85	2026-06-26 22:03:36	5	1	1	0
        6	2026-06-26 22:04:19	5	1	1	0
      111	2026-06-26 22:04:24	5	1	1	0
        7	2026-06-26 22:04:31	5	1	1	0
       16	2026-06-26 22:04:48	5	1	1	0
       58	2026-06-26 22:11:34	5	1	1	0
       76	2026-06-26 22:21:42	5	1	1	0
       45	2026-06-26 22:24:57	5	1	1	0
        7	2026-06-26 22:27:27	5	1	1	0
       37	2026-06-26 22:27:36	5	1	1	0
       11	2026-06-26 22:27:43	5	1	1	0
       86	2026-06-26 22:27:48	5	1	1	0
      121	2026-06-26 22:28:10	5	1	1	0
       17	2026-06-27 07:03:36	5	0	1	0
        8	2026-06-27 07:35:50	5	0	1	0
       18	2026-06-27 07:53:46	5	0	1	0
      147	2026-06-27 07:55:43	5	0	1	0
       58	2026-06-27 08:02:25	5	0	1	0
       58	2026-06-27 08:06:08	5	0	1	0
       58	2026-06-27 08:06:11	5	0	1	0
        7	2026-06-27 08:09:57	5	0	1	0
       19	2026-06-27 08:11:00	5	0	1	0
        6	2026-06-27 08:15:46	5	0	1	0
      111	2026-06-27 08:15:51	5	0	1	0
      114	2026-06-27 08:18:17	5	0	1	0
       61	2026-06-27 08:19:22	5	0	1	0
      123	2026-06-27 08:19:31	5	0	1	0
       11	2026-06-27 08:21:03	5	0	1	0
       45	2026-06-27 08:21:23	5	0	1	0
       86	2026-06-27 08:21:30	5	0	1	0
       76	2026-06-27 08:22:24	5	0	1	0
      121	2026-06-27 08:25:33	5	0	1	0
       15	2026-06-27 08:25:58	5	0	1	0
      146	2026-06-27 08:26:52	5	0	1	0
      150	2026-06-27 08:28:12	5	0	1	0
      145	2026-06-27 08:28:48	5	0	1	0
       85	2026-06-27 08:31:37	5	0	1	0
       27	2026-06-27 08:32:55	5	0	1	0
     5555	2026-06-27 08:33:07	5	0	1	0
      120	2026-06-27 08:33:29	5	0	1	0
       68	2026-06-27 08:35:37	5	0	1	0
       30	2026-06-27 08:39:28	5	0	1	0
       16	2026-06-27 08:41:55	5	0	1	0
     5555	2026-06-27 20:00:04	5	1	1	0
        8	2026-06-27 20:37:10	5	1	1	0
       61	2026-06-27 22:00:04	5	1	1	0
      147	2026-06-27 22:00:15	5	1	1	0
      146	2026-06-27 22:00:21	5	1	1	0
      145	2026-06-27 22:00:32	5	1	1	0
       68	2026-06-27 22:00:37	5	1	1	0
       16	2026-06-27 22:00:43	5	1	1	0
       17	2026-06-27 22:00:48	5	1	1	0
      111	2026-06-27 22:00:53	5	1	1	0
        7	2026-06-27 22:00:58	5	1	1	0
      123	2026-06-27 22:01:04	5	1	1	0
       27	2026-06-27 22:01:09	5	1	1	0
      120	2026-06-27 22:01:16	5	1	1	0
       58	2026-06-27 22:01:21	5	1	1	0
       85	2026-06-27 22:01:32	5	1	1	0
      150	2026-06-27 22:04:01	5	1	1	0
       18	2026-06-27 22:09:15	5	1	1	0
       30	2026-06-27 22:10:41	5	1	1	0
       11	2026-06-27 22:10:50	5	1	1	0
       29	2026-06-27 22:10:59	5	1	1	0
        6	2026-06-27 22:11:10	5	1	1	0
       76	2026-06-27 22:11:33	5	1	1	0
      121	2026-06-27 22:11:41	5	1	1	0
       45	2026-06-27 22:12:36	5	1	1	0
       17	2026-06-28 07:27:18	5	0	1	0
      147	2026-06-28 07:27:26	5	0	1	0
        7	2026-06-28 07:27:51	5	0	1	0
        8	2026-06-28 07:39:18	5	0	1	0
       18	2026-06-28 07:51:40	5	0	1	0
       58	2026-06-28 08:03:46	5	0	1	0
       58	2026-06-28 08:03:49	5	0	1	0
       19	2026-06-28 08:08:56	5	0	1	0
       76	2026-06-28 08:13:17	5	0	1	0
       61	2026-06-28 08:13:29	5	0	1	0
      112	2026-06-28 08:16:58	5	0	1	0
       11	2026-06-28 08:17:59	5	0	1	0
       86	2026-06-28 08:18:32	5	0	1	0
      123	2026-06-28 08:21:30	5	0	1	0
       27	2026-06-28 08:21:40	5	0	1	0
      120	2026-06-28 08:21:52	5	0	1	0
        6	2026-06-28 08:23:50	5	0	1	0
      111	2026-06-28 08:23:57	5	0	1	0
       45	2026-06-28 08:24:05	5	0	1	0
       29	2026-06-28 08:29:26	5	0	1	0
     5555	2026-06-28 08:29:39	5	0	1	0
      150	2026-06-28 08:30:02	5	0	1	0
      146	2026-06-28 08:30:41	5	0	1	0
      145	2026-06-28 08:31:33	5	0	1	0
      114	2026-06-28 08:31:46	5	0	1	0
       16	2026-06-28 08:32:25	5	0	1	0
       68	2026-06-28 08:37:41	5	0	1	0
       85	2026-06-28 08:38:51	5	0	1	0
      121	2026-06-28 08:42:57	5	0	1	0
     5555	2026-06-28 20:00:04	5	1	1	0
       68	2026-06-28 22:00:04	5	1	1	0
      145	2026-06-28 22:00:10	5	1	1	0
      146	2026-06-28 22:00:14	5	1	1	0
       17	2026-06-28 22:00:20	5	1	1	0
      123	2026-06-28 22:00:26	5	1	1	0
       86	2026-06-28 22:00:38	5	1	1	0
      147	2026-06-28 22:00:44	5	1	1	0
       16	2026-06-28 22:01:16	5	1	1	0
       61	2026-06-28 22:01:24	5	1	1	0
       27	2026-06-28 22:01:58	5	1	1	0
      150	2026-06-28 22:02:05	5	1	1	0
      120	2026-06-28 22:02:10	5	1	1	0
       18	2026-06-28 22:02:18	5	1	1	0
       58	2026-06-28 22:02:32	5	1	1	0
      111	2026-06-28 22:03:21	5	1	1	0
       29	2026-06-28 22:03:53	5	1	1	0
      121	2026-06-28 22:04:18	5	1	1	0
       61	2026-06-28 22:07:06	5	1	1	0
       85	2026-06-28 22:07:24	5	1	1	0
       45	2026-06-28 22:07:36	5	1	1	0
       76	2026-06-28 22:13:23	5	1	1	0
       61	2026-06-28 22:14:08	5	1	1	0
       11	2026-06-28 22:16:41	5	1	1	0
      112	2026-06-28 23:01:51	5	1	1	0
       45	2026-06-28 23:06:28	5	1	1	0
       86	2026-06-28 23:07:19	5	1	1	0
        8	2026-06-29 07:32:20	5	0	1	0
       58	2026-06-29 07:54:13	5	0	1	0
       58	2026-06-29 07:54:15	5	0	1	0
      147	2026-06-29 07:57:42	5	0	1	0
       11	2026-06-29 07:57:55	5	0	1	0
       86	2026-06-29 07:58:20	5	0	1	0
       19	2026-06-29 08:11:04	5	0	1	0
       61	2026-06-29 08:17:38	5	0	1	0
       15	2026-06-29 08:17:56	5	0	1	0
      120	2026-06-29 08:24:21	5	0	1	0
     5555	2026-06-29 08:26:14	5	0	1	0
       61	2026-06-29 08:26:22	5	0	1	0
      121	2026-06-29 08:27:36	5	0	1	0
       29	2026-06-29 08:28:39	5	0	1	0
      112	2026-06-29 08:29:54	5	0	1	0
      111	2026-06-29 08:31:25	5	0	1	0
      145	2026-06-29 08:31:55	5	0	1	0
      114	2026-06-29 08:32:07	5	0	1	0
       16	2026-06-29 08:33:10	5	0	1	0
       30	2026-06-29 08:34:17	5	0	1	0
       85	2026-06-29 08:37:48	5	0	1	0
      146	2026-06-29 08:37:54	5	0	1	0
       76	2026-06-29 08:38:04	5	0	1	0
      123	2026-06-29 08:39:52	5	0	1	0
       68	2026-06-29 08:40:24	5	0	1	0
       27	2026-06-29 08:41:12	5	0	1	0
       18	2026-06-29 08:50:20	5	0	1	0
     5555	2026-06-29 20:01:20	5	1	1	0
        8	2026-06-29 20:16:36	5	1	1	0
       27	2026-06-29 22:00:03	5	1	1	0
       18	2026-06-29 22:00:14	5	1	1	0
      145	2026-06-29 22:00:20	5	1	1	0
       58	2026-06-29 22:00:27	5	1	1	0
      123	2026-06-29 22:00:32	5	1	1	0
       30	2026-06-29 22:00:38	5	1	1	0
       29	2026-06-29 22:00:48	5	1	1	0
       17	2026-06-29 22:00:54	5	1	1	0
       16	2026-06-29 22:00:59	5	1	1	0
       85	2026-06-29 22:01:04	5	1	1	0
      147	2026-06-29 22:01:09	5	1	1	0
       68	2026-06-29 22:01:15	5	1	1	0
       86	2026-06-29 22:01:21	5	1	1	0
      120	2026-06-29 22:01:29	5	1	1	0
      121	2026-06-29 22:01:35	5	1	1	0
       76	2026-06-29 22:01:40	5	1	1	0
       15	2026-06-29 22:01:47	5	1	1	0
      111	2026-06-29 22:01:59	5	1	1	0
       61	2026-06-29 22:02:08	5	1	1	0
       11	2026-06-29 22:02:20	5	1	1	0
       17	2026-06-30 07:33:21	5	0	1	0
      147	2026-06-30 07:42:40	5	0	1	0
        8	2026-06-30 07:43:36	5	0	1	0
        6	2026-06-30 07:46:40	5	0	1	0
       61	2026-06-30 08:09:33	5	0	1	0
       15	2026-06-30 08:10:06	5	0	1	0
      111	2026-06-30 08:13:51	5	0	1	0
       76	2026-06-30 08:16:17	5	0	1	0
       37	2026-06-30 08:19:17	5	0	1	0
      150	2026-06-30 08:21:39	5	0	1	0
       11	2026-06-30 08:21:59	5	0	1	0
       29	2026-06-30 08:22:33	5	0	1	0
       86	2026-06-30 08:23:35	5	0	1	0
      146	2026-06-30 08:24:49	5	0	1	0
       45	2026-06-30 08:25:45	5	0	1	0
       58	2026-06-30 08:26:17	5	0	1	0
      120	2026-06-30 08:27:09	5	0	1	0
      145	2026-06-30 08:27:33	5	0	1	0
       30	2026-06-30 08:29:45	5	0	1	0
      114	2026-06-30 08:30:32	5	0	1	0
       44	2026-06-30 08:32:20	5	0	1	0
     5555	2026-06-30 08:32:34	5	0	1	0
      121	2026-06-30 08:34:56	5	0	1	0
       16	2026-06-30 08:35:55	5	0	1	0
       85	2026-06-30 08:40:51	5	0	1	0
     5555	2026-06-30 19:35:12	5	1	1	0
        8	2026-06-30 20:12:17	5	1	1	0
       58	2026-06-30 21:55:33	5	1	1	0
      147	2026-06-30 22:00:10	5	1	1	0
      146	2026-06-30 22:00:15	5	1	1	0
       61	2026-06-30 22:00:20	5	1	1	0
       17	2026-06-30 22:00:25	5	1	1	0
       37	2026-06-30 22:00:35	5	1	1	0
      145	2026-06-30 22:00:54	5	1	1	0
       44	2026-06-30 22:01:00	5	1	1	0
      150	2026-06-30 22:01:12	5	1	1	0
       11	2026-06-30 22:01:24	5	1	1	0
       16	2026-06-30 22:01:33	5	1	1	0
       85	2026-06-30 22:01:42	5	1	1	0
       86	2026-06-30 22:01:49	5	1	1	0
       76	2026-06-30 22:02:10	5	1	1	0
      114	2026-06-30 22:03:36	5	1	1	0
        6	2026-06-30 22:03:42	5	1	1	0
       29	2026-06-30 22:03:47	5	1	1	0
       30	2026-06-30 22:03:53	5	1	1	0
      121	2026-06-30 22:04:59	5	1	1	0
       45	2026-06-30 22:08:16	5	1	1	0
       17	2026-07-01 07:30:06	5	0	1	0
        8	2026-07-01 07:30:45	5	0	1	0
      147	2026-07-01 07:39:10	5	0	1	0
       18	2026-07-01 07:50:00	5	0	1	0
      112	2026-07-01 08:06:15	5	0	1	0
       19	2026-07-01 08:07:26	5	0	1	0
       15	2026-07-01 08:09:21	5	0	1	0
      111	2026-07-01 08:11:07	5	0	1	0
        6	2026-07-01 08:11:28	5	0	1	0
       11	2026-07-01 08:20:57	5	0	1	0
       86	2026-07-01 08:21:20	5	0	1	0
       76	2026-07-01 08:22:19	5	0	1	0
       61	2026-07-01 08:23:31	5	0	1	0
      123	2026-07-01 08:23:39	5	0	1	0
      114	2026-07-01 08:25:36	5	0	1	0
       27	2026-07-01 08:26:37	5	0	1	0
      120	2026-07-01 08:26:55	5	0	1	0
      146	2026-07-01 08:29:30	5	0	1	0
       16	2026-07-01 08:29:43	5	0	1	0
       45	2026-07-01 08:30:05	5	0	1	0
      150	2026-07-01 08:31:14	5	0	1	0
       44	2026-07-01 08:32:45	5	0	1	0
     5555	2026-07-01 08:34:00	5	0	1	0
      145	2026-07-01 08:40:14	5	0	1	0
       68	2026-07-01 08:41:03	5	0	1	0
       30	2026-07-01 08:46:58	5	0	1	0
     5555	2026-07-01 19:11:32	5	1	1	0
       61	2026-07-01 22:00:03	5	1	1	0
       27	2026-07-01 22:00:09	5	1	1	0
       19	2026-07-01 22:00:16	5	1	1	0
      147	2026-07-01 22:00:21	5	1	1	0
      146	2026-07-01 22:00:27	5	1	1	0
      145	2026-07-01 22:00:33	5	1	1	0
       68	2026-07-01 22:00:38	5	1	1	0
        6	2026-07-01 22:00:43	5	1	1	0
       17	2026-07-01 22:00:53	5	1	1	0
      123	2026-07-01 22:00:59	5	1	1	0
       44	2026-07-01 22:01:13	5	1	1	0
      120	2026-07-01 22:02:17	5	1	1	0
       15	2026-07-01 22:03:10	5	1	1	0
      150	2026-07-01 22:03:53	5	1	1	0
       18	2026-07-01 22:06:51	5	1	1	0
      114	2026-07-01 22:06:56	5	1	1	0
      131	2026-07-01 22:07:08	5	1	1	0
       86	2026-07-01 22:07:19	5	1	1	0
       76	2026-07-01 22:07:24	5	1	1	0
       30	2026-07-01 22:07:28	5	1	1	0
       45	2026-07-01 22:07:33	5	1	1	0
      147	2026-07-02 07:35:12	5	0	1	0
        8	2026-07-02 07:38:03	5	0	1	0
       17	2026-07-02 07:39:45	5	0	1	0
       18	2026-07-02 07:53:38	5	0	1	0
        6	2026-07-02 07:59:13	5	0	1	0
       15	2026-07-02 07:59:57	5	0	1	0
       19	2026-07-02 08:13:04	5	0	1	0
       61	2026-07-02 08:18:32	5	0	1	0
      123	2026-07-02 08:18:39	5	0	1	0
       76	2026-07-02 08:19:50	5	0	1	0
       58	2026-07-02 08:20:43	5	0	1	0
       27	2026-07-02 08:24:25	5	0	1	0
      120	2026-07-02 08:24:39	5	0	1	0
      121	2026-07-02 08:24:51	5	0	1	0
       86	2026-07-02 08:27:21	5	0	1	0
      150	2026-07-02 08:27:29	5	0	1	0
       29	2026-07-02 08:27:44	5	0	1	0
       45	2026-07-02 08:28:02	5	0	1	0
       45	2026-07-02 08:28:09	5	0	1	0
       44	2026-07-02 08:28:45	5	0	1	0
      145	2026-07-02 08:30:20	5	0	1	0
     5555	2026-07-02 08:33:57	5	0	1	0
       16	2026-07-02 08:34:58	5	0	1	0
       68	2026-07-02 08:39:14	5	0	1	0
       85	2026-07-02 08:40:11	5	0	1	0
       30	2026-07-02 08:41:53	5	0	1	0
     5555	2026-07-02 19:32:33	5	1	1	0
        8	2026-07-02 20:30:56	5	1	1	0
      145	2026-07-02 22:00:18	5	1	1	0
       44	2026-07-02 22:00:27	5	1	1	0
       61	2026-07-02 22:00:34	5	1	1	0
      120	2026-07-02 22:00:49	5	1	1	0
       19	2026-07-02 22:00:55	5	1	1	0
       18	2026-07-02 22:01:06	5	1	1	0
       27	2026-07-02 22:01:13	5	1	1	0
      147	2026-07-02 22:01:19	5	1	1	0
       15	2026-07-02 22:01:25	5	1	1	0
       76	2026-07-02 22:01:30	5	1	1	0
      123	2026-07-02 22:01:36	5	1	1	0
       68	2026-07-02 22:01:42	5	1	1	0
       17	2026-07-02 22:01:48	5	1	1	0
       85	2026-07-02 22:01:56	5	1	1	0
        6	2026-07-02 22:02:06	5	1	1	0
       58	2026-07-02 22:02:19	5	1	1	0
      121	2026-07-02 22:02:26	5	1	1	0
       29	2026-07-02 22:02:43	5	1	1	0
       16	2026-07-02 22:03:11	5	1	1	0
       45	2026-07-02 22:03:35	5	1	1	0
       30	2026-07-02 22:04:13	5	1	1	0
       86	2026-07-02 22:04:44	5	1	1	0
       17	2026-07-03 07:36:30	5	0	1	0
       18	2026-07-03 07:52:35	5	0	1	0
       76	2026-07-03 08:07:30	5	0	1	0
       61	2026-07-03 08:09:41	5	0	1	0
       19	2026-07-03 08:12:56	5	0	1	0
      111	2026-07-03 08:18:38	5	0	1	0
       15	2026-07-03 08:18:58	5	0	1	0
       58	2026-07-03 08:19:19	5	0	1	0
        6	2026-07-03 08:19:54	5	0	1	0
      123	2026-07-03 08:20:18	5	0	1	0
       15	2026-07-03 08:22:03	5	0	1	0
       29	2026-07-03 08:23:53	5	0	1	0
      120	2026-07-03 08:24:03	5	0	1	0
      150	2026-07-03 08:24:11	5	0	1	0
       16	2026-07-03 08:28:01	5	0	1	0
       45	2026-07-03 08:28:27	5	0	1	0
      121	2026-07-03 08:28:33	5	0	1	0
      114	2026-07-03 08:28:43	5	0	1	0
       44	2026-07-03 08:28:58	5	0	1	0
       85	2026-07-03 08:29:07	5	0	1	0
     5555	2026-07-03 08:33:58	5	0	1	0
       68	2026-07-03 08:35:08	5	0	1	0
       11	2026-07-03 08:42:01	5	0	1	0
       86	2026-07-03 08:42:18	5	0	1	0
       30	2026-07-03 09:34:19	5	0	1	0
     5555	2026-07-03 19:30:03	5	1	1	0
       44	2026-07-03 22:00:15	5	1	1	0
       68	2026-07-03 22:00:22	5	1	1	0
       76	2026-07-03 22:00:29	5	1	1	0
       17	2026-07-03 22:00:34	5	1	1	0
       18	2026-07-03 22:00:39	5	1	1	0
       15	2026-07-03 22:00:45	5	1	1	0
       85	2026-07-03 22:00:51	5	1	1	0
      111	2026-07-03 22:00:57	5	1	1	0
      123	2026-07-03 22:01:02	5	1	1	0
      150	2026-07-03 22:01:09	5	1	1	0
      120	2026-07-03 22:01:21	5	1	1	0
      121	2026-07-03 22:01:47	5	1	1	0
        6	2026-07-03 22:02:20	5	1	1	0
       61	2026-07-03 22:02:31	5	1	1	0
       45	2026-07-03 22:02:42	5	1	1	0
       16	2026-07-03 22:02:48	5	1	1	0
       58	2026-07-03 22:02:53	5	1	1	0
       11	2026-07-03 22:03:01	5	1	1	0
       29	2026-07-03 22:03:09	5	1	1	0
      114	2026-07-03 22:03:21	5	1	1	0
       86	2026-07-03 22:04:02	5	1	1	0
       30	2026-07-03 22:04:14	5	1	1	0
        8	2026-07-04 07:30:10	5	0	1	0
       17	2026-07-04 07:30:25	5	0	1	0
      147	2026-07-04 07:52:51	5	0	1	0
       61	2026-07-04 08:06:52	5	0	1	0
       61	2026-07-04 08:10:26	5	0	1	0
       58	2026-07-04 08:12:44	5	0	1	0
       19	2026-07-04 08:13:13	5	0	1	0
       15	2026-07-04 08:13:39	5	0	1	0
      111	2026-07-04 08:14:30	5	0	1	0
      123	2026-07-04 08:16:25	5	0	1	0
       76	2026-07-04 08:17:22	5	0	1	0
       18	2026-07-04 08:17:40	5	0	1	0
        6	2026-07-04 08:17:52	5	0	1	0
      150	2026-07-04 08:22:27	5	0	1	0
       29	2026-07-04 08:23:13	5	0	1	0
       27	2026-07-04 08:24:24	5	0	1	0
      120	2026-07-04 08:25:15	5	0	1	0
       68	2026-07-04 08:25:58	5	0	1	0
       11	2026-07-04 08:28:55	5	0	1	0
      121	2026-07-04 08:29:20	5	0	1	0
      114	2026-07-04 08:29:28	5	0	1	0
       86	2026-07-04 08:29:59	5	0	1	0
     5555	2026-07-04 08:30:16	5	0	1	0
       44	2026-07-04 08:31:45	5	0	1	0
       16	2026-07-04 08:33:14	5	0	1	0
      145	2026-07-04 08:36:10	5	0	1	0
       30	2026-07-04 08:38:28	5	0	1	0
       45	2026-07-04 08:39:39	5	0	1	0
       85	2026-07-04 08:41:46	5	0	1	0
     5555	2026-07-04 19:12:43	5	1	1	0
       19	2026-07-04 22:00:02	5	1	1	0
       17	2026-07-04 22:00:07	5	1	1	0
      123	2026-07-04 22:00:12	5	1	1	0
       85	2026-07-04 22:00:20	5	1	1	0
       68	2026-07-04 22:00:25	5	1	1	0
       27	2026-07-04 22:00:30	5	1	1	0
       11	2026-07-04 22:00:37	5	1	1	0
      145	2026-07-04 22:00:43	5	1	1	0
       18	2026-07-04 22:00:50	5	1	1	0
       44	2026-07-04 22:00:56	5	1	1	0
        6	2026-07-04 22:01:03	5	1	1	0
       16	2026-07-04 22:01:08	5	1	1	0
      120	2026-07-04 22:01:14	5	1	1	0
      147	2026-07-04 22:01:19	5	1	1	0
       15	2026-07-04 22:01:25	5	1	1	0
       29	2026-07-04 22:01:31	5	1	1	0
      111	2026-07-04 22:01:37	5	1	1	0
       61	2026-07-04 22:01:43	5	1	1	0
      150	2026-07-04 22:01:48	5	1	1	0
       76	2026-07-04 22:01:55	5	1	1	0
       30	2026-07-04 22:02:22	5	1	1	0
       86	2026-07-04 22:02:28	5	1	1	0
       58	2026-07-04 22:02:38	5	1	1	0
      121	2026-07-04 22:02:48	5	1	1	0
       45	2026-07-04 22:04:06	5	1	1	0
       17	2026-07-05 07:27:56	5	0	1	0
        8	2026-07-05 07:28:39	5	0	1	0
      147	2026-07-05 07:42:22	5	0	1	0
       17	2026-07-05 07:52:02	5	0	1	0
       58	2026-07-05 07:58:41	5	0	1	0
       58	2026-07-05 07:58:45	5	0	1	0
       18	2026-07-05 08:00:05	5	0	1	0
       19	2026-07-05 08:10:04	5	0	1	0
       15	2026-07-05 08:10:41	5	0	1	0
        6	2026-07-05 08:10:49	5	0	1	0
       11	2026-07-05 08:12:13	5	0	1	0
       86	2026-07-05 08:12:58	5	0	1	0
        6	2026-07-05 08:14:12	5	0	1	0
       76	2026-07-05 08:14:48	5	0	1	0
       27	2026-07-05 08:19:27	5	0	1	0
      120	2026-07-05 08:20:00	5	0	1	0
       61	2026-07-05 08:20:07	5	0	1	0
      123	2026-07-05 08:20:14	5	0	1	0
     5555	2026-07-05 08:20:58	5	0	1	0
       45	2026-07-05 08:22:31	5	0	1	0
       45	2026-07-05 08:22:36	5	0	1	0
      114	2026-07-05 08:22:43	5	0	1	0
       15	2026-07-05 08:22:58	5	0	1	0
      150	2026-07-05 08:24:22	5	0	1	0
       29	2026-07-05 08:24:47	5	0	1	0
       68	2026-07-05 08:28:34	5	0	1	0
       16	2026-07-05 08:29:19	5	0	1	0
      121	2026-07-05 08:33:07	5	0	1	0
       85	2026-07-05 08:38:44	5	0	1	0
       44	2026-07-05 08:39:19	5	0	1	0
       30	2026-07-05 08:41:15	5	0	1	0
      145	2026-07-05 08:45:02	5	0	1	0
     5555	2026-07-05 19:33:57	5	1	1	0
     5555	2026-07-05 20:24:49	5	1	1	0
      145	2026-07-05 21:57:41	5	1	1	0
      147	2026-07-05 22:00:12	5	1	1	0
       15	2026-07-05 22:00:43	5	1	1	0
      123	2026-07-05 22:00:54	5	1	1	0
       85	2026-07-05 22:01:02	5	1	1	0
       17	2026-07-05 22:01:12	5	1	1	0
       68	2026-07-05 22:01:27	5	1	1	0
       61	2026-07-05 22:01:44	5	1	1	0
       44	2026-07-05 22:02:07	5	1	1	0
       61	2026-07-05 22:02:59	5	1	1	0
       27	2026-07-05 22:03:05	5	1	1	0
      150	2026-07-05 22:03:14	5	1	1	0
      121	2026-07-05 22:03:57	5	1	1	0
        6	2026-07-05 22:04:16	5	1	1	0
      121	2026-07-05 22:05:13	5	1	1	0
       86	2026-07-05 22:07:35	5	1	1	0
       29	2026-07-05 22:15:01	5	1	1	0
       58	2026-07-05 22:15:07	5	1	1	0
       16	2026-07-05 22:24:04	5	1	1	0
       86	2026-07-05 22:24:14	5	1	1	0
       45	2026-07-05 22:24:20	5	1	1	0
       11	2026-07-05 22:24:27	5	1	1	0
       76	2026-07-05 22:24:36	5	1	1	0
       30	2026-07-05 22:24:46	5	1	1	0
        7	2026-07-06 07:26:38	5	0	1	0
        8	2026-07-06 07:26:59	5	0	1	0
       17	2026-07-06 07:27:17	5	0	1	0
      147	2026-07-06 07:50:46	5	0	1	0
       18	2026-07-06 07:59:05	5	0	1	0
       19	2026-07-06 08:04:13	5	0	1	0
       61	2026-07-06 08:10:15	5	0	1	0
       61	2026-07-06 08:12:09	5	0	1	0
      111	2026-07-06 08:15:14	5	0	1	0
      123	2026-07-06 08:16:13	5	0	1	0
        6	2026-07-06 08:16:53	5	0	1	0
       58	2026-07-06 08:19:15	5	0	1	0
       58	2026-07-06 08:19:21	5	0	1	0
       58	2026-07-06 08:19:33	5	0	1	0
       45	2026-07-06 08:21:15	5	0	1	0
       76	2026-07-06 08:22:25	5	0	1	0
      114	2026-07-06 08:22:40	5	0	1	0
       27	2026-07-06 08:29:09	5	0	1	0
       16	2026-07-06 08:29:28	5	0	1	0
      145	2026-07-06 08:30:12	5	0	1	0
      150	2026-07-06 08:30:25	5	0	1	0
       68	2026-07-06 08:30:58	5	0	1	0
       29	2026-07-06 08:31:23	5	0	1	0
      121	2026-07-06 08:32:21	5	0	1	0
       85	2026-07-06 08:37:33	5	0	1	0
       11	2026-07-06 08:41:50	5	0	1	0
       86	2026-07-06 08:42:02	5	0	1	0
      145	2026-07-06 22:00:07	5	1	1	0
       68	2026-07-06 22:00:13	5	1	1	0
      123	2026-07-06 22:00:18	5	1	1	0
       19	2026-07-06 22:00:26	5	1	1	0
      147	2026-07-06 22:00:33	5	1	1	0
       85	2026-07-06 22:00:39	5	1	1	0
      150	2026-07-06 22:00:49	5	1	1	0
       61	2026-07-06 22:00:56	5	1	1	0
       27	2026-07-06 22:01:04	5	1	1	0
       17	2026-07-06 22:01:12	5	1	1	0
       58	2026-07-06 22:01:47	5	1	1	0
      114	2026-07-06 22:02:41	5	1	1	0
      111	2026-07-06 22:02:47	5	1	1	0
        6	2026-07-06 22:04:01	5	1	1	0
        7	2026-07-06 22:06:11	5	1	1	0
       29	2026-07-06 22:06:51	5	1	1	0
       16	2026-07-06 22:06:58	5	1	1	0
       86	2026-07-06 22:07:40	5	1	1	0
       76	2026-07-06 22:08:06	5	1	1	0
       11	2026-07-06 22:08:32	5	1	1	0
      121	2026-07-06 22:09:47	5	1	1	0
       45	2026-07-06 22:11:32	5	1	1	0
       17	2026-07-07 07:39:54	5	0	1	0
       17	2026-07-07 07:41:15	5	0	1	0
        7	2026-07-07 07:41:42	5	0	1	0
        8	2026-07-07 07:42:02	5	0	1	0
      147	2026-07-07 07:43:26	5	0	1	0
        6	2026-07-07 08:07:10	5	0	1	0
       61	2026-07-07 08:07:50	5	0	1	0
       76	2026-07-07 08:07:57	5	0	1	0
      111	2026-07-07 08:13:14	5	0	1	0
       58	2026-07-07 08:18:44	5	0	1	0
      123	2026-07-07 08:19:26	5	0	1	0
       58	2026-07-07 08:22:51	5	0	1	0
       27	2026-07-07 08:23:18	5	0	1	0
      120	2026-07-07 08:23:32	5	0	1	0
       15	2026-07-07 08:25:03	5	0	1	0
      121	2026-07-07 08:25:13	5	0	1	0
      114	2026-07-07 08:25:20	5	0	1	0
       11	2026-07-07 08:26:36	5	0	1	0
       86	2026-07-07 08:26:56	5	0	1	0
      150	2026-07-07 08:28:26	5	0	1	0
       45	2026-07-07 08:28:41	5	0	1	0
       29	2026-07-07 08:28:48	5	0	1	0
     5555	2026-07-07 08:31:36	5	0	1	0
       44	2026-07-07 08:31:45	5	0	1	0
       85	2026-07-07 08:31:51	5	0	1	0
       16	2026-07-07 08:32:00	5	0	1	0
      145	2026-07-07 08:42:20	5	0	1	0
       30	2026-07-07 08:43:02	5	0	1	0
     5555	2026-07-07 18:55:04	5	1	1	0
        8	2026-07-07 20:10:29	5	1	1	0
       30	2026-07-07 22:00:07	5	1	1	0
       58	2026-07-07 22:00:12	5	1	1	0
       45	2026-07-07 22:00:17	5	1	1	0
       27	2026-07-07 22:00:22	5	1	1	0
        6	2026-07-07 22:00:27	5	1	1	0
      145	2026-07-07 22:00:33	5	1	1	0
       16	2026-07-07 22:00:38	5	1	1	0
        7	2026-07-07 22:00:43	5	1	1	0
       29	2026-07-07 22:00:48	5	1	1	0
       15	2026-07-07 22:00:53	5	1	1	0
      123	2026-07-07 22:00:59	5	1	1	0
       61	2026-07-07 22:01:06	5	1	1	0
      111	2026-07-07 22:01:12	5	1	1	0
      147	2026-07-07 22:01:17	5	1	1	0
       17	2026-07-07 22:01:22	5	1	1	0
      120	2026-07-07 22:01:25	5	1	1	0
       85	2026-07-07 22:01:33	5	1	1	0
       76	2026-07-07 22:01:39	5	1	1	0
      150	2026-07-07 22:01:48	5	1	1	0
       11	2026-07-07 22:01:54	5	1	1	0
       86	2026-07-07 22:02:02	5	1	1	0
       44	2026-07-07 22:02:11	5	1	1	0
      121	2026-07-07 22:02:17	5	1	1	0
        7	2026-07-08 07:44:01	5	0	1	0
        8	2026-07-08 07:44:35	5	0	1	0
       17	2026-07-08 07:44:42	5	0	1	0
      147	2026-07-08 07:49:04	5	0	1	0
       18	2026-07-08 07:59:39	5	0	1	0
       58	2026-07-08 07:59:48	5	0	1	0
       58	2026-07-08 07:59:55	5	0	1	0
       19	2026-07-08 08:07:26	5	0	1	0
       15	2026-07-08 08:21:21	5	0	1	0
       11	2026-07-08 08:21:52	5	0	1	0
       86	2026-07-08 08:22:10	5	0	1	0
       61	2026-07-08 08:23:26	5	0	1	0
      123	2026-07-08 08:24:09	5	0	1	0
       27	2026-07-08 08:24:59	5	0	1	0
      120	2026-07-08 08:25:28	5	0	1	0
       68	2026-07-08 08:27:08	5	0	1	0
      114	2026-07-08 08:27:44	5	0	1	0
       45	2026-07-08 08:28:06	5	0	1	0
       44	2026-07-08 08:29:07	5	0	1	0
       16	2026-07-08 08:32:13	5	0	1	0
      145	2026-07-08 08:33:09	5	0	1	0
     5555	2026-07-08 08:36:30	5	0	1	0
       30	2026-07-08 08:40:42	5	0	1	0
       76	2026-07-08 09:04:57	5	0	1	0
      111	2026-07-08 09:05:03	5	0	1	0
      150	2026-07-08 09:24:09	5	0	1	0
     5555	2026-07-08 19:03:19	5	1	1	0
     5555	2026-07-08 19:16:22	5	1	1	0
        8	2026-07-08 20:20:09	5	1	1	0
       58	2026-07-08 21:20:25	5	1	1	0
       16	2026-07-08 22:00:05	5	1	1	0
       30	2026-07-08 22:00:12	5	1	1	0
       15	2026-07-08 22:00:19	5	1	1	0
      145	2026-07-08 22:00:25	5	1	1	0
       17	2026-07-08 22:00:31	5	1	1	0
       19	2026-07-08 22:00:34	5	1	1	0
      147	2026-07-08 22:00:40	5	1	1	0
       61	2026-07-08 22:00:45	5	1	1	0
      123	2026-07-08 22:00:54	5	1	1	0
       86	2026-07-08 22:01:01	5	1	1	0
       68	2026-07-08 22:01:06	5	1	1	0
      114	2026-07-08 22:01:11	5	1	1	0
        7	2026-07-08 22:01:18	5	1	1	0
       18	2026-07-08 22:01:25	5	1	1	0
      111	2026-07-08 22:01:30	5	1	1	0
      150	2026-07-08 22:01:36	5	1	1	0
       27	2026-07-08 22:01:42	5	1	1	0
       44	2026-07-08 22:01:47	5	1	1	0
       76	2026-07-08 22:01:50	5	1	1	0
      120	2026-07-08 22:02:00	5	1	1	0
       11	2026-07-08 22:02:43	5	1	1	0
       45	2026-07-08 22:10:05	5	1	1	0
        8	2026-07-09 07:34:05	5	0	1	0
      147	2026-07-09 07:47:02	5	0	1	0
       58	2026-07-09 07:48:34	5	0	1	0
       58	2026-07-09 07:48:37	5	0	1	0
        7	2026-07-09 07:51:33	5	0	1	0
        6	2026-07-09 07:53:51	5	0	1	0
       18	2026-07-09 07:57:16	5	0	1	0
       61	2026-07-09 08:07:14	5	0	1	0
       11	2026-07-09 08:14:08	5	0	1	0
       86	2026-07-09 08:14:31	5	0	1	0
       68	2026-07-09 08:27:26	5	0	1	0
       76	2026-07-09 08:28:54	5	0	1	0
       44	2026-07-09 08:29:51	5	0	1	0
       16	2026-07-09 08:30:23	5	0	1	0
      121	2026-07-09 08:30:32	5	0	1	0
       45	2026-07-09 08:30:43	5	0	1	0
      123	2026-07-09 08:32:17	5	0	1	0
      145	2026-07-09 08:32:43	5	0	1	0
       27	2026-07-09 08:32:48	5	0	1	0
      120	2026-07-09 08:33:01	5	0	1	0
      111	2026-07-09 08:33:10	5	0	1	0
     5555	2026-07-09 08:33:17	5	0	1	0
       29	2026-07-09 08:33:25	5	0	1	0
       85	2026-07-09 08:39:17	5	0	1	0
       30	2026-07-09 08:41:10	5	0	1	0
     5555	2026-07-09 19:21:22	5	1	1	0
        8	2026-07-09 20:35:17	5	1	1	0
       16	2026-07-09 22:00:02	5	1	1	0
       27	2026-07-09 22:00:08	5	1	1	0
      147	2026-07-09 22:00:18	5	1	1	0
      145	2026-07-09 22:00:30	5	1	1	0
       68	2026-07-09 22:00:37	5	1	1	0
       61	2026-07-09 22:00:42	5	1	1	0
      120	2026-07-09 22:00:56	5	1	1	0
      123	2026-07-09 22:01:02	5	1	1	0
       85	2026-07-09 22:01:11	5	1	1	0
      121	2026-07-09 22:01:21	5	1	1	0
       18	2026-07-09 22:01:29	5	1	1	0
       61	2026-07-09 22:02:13	5	1	1	0
       45	2026-07-09 22:04:25	5	1	1	0
       58	2026-07-09 22:14:36	5	1	1	0
       58	2026-07-09 22:14:38	5	1	1	0
       76	2026-07-09 22:15:18	5	1	1	0
        7	2026-07-09 22:22:07	5	1	1	0
       29	2026-07-09 22:22:12	5	1	1	0
        6	2026-07-09 22:22:18	5	1	1	0
       11	2026-07-09 22:22:25	5	1	1	0
       30	2026-07-09 22:22:34	5	1	1	0
       86	2026-07-09 22:22:43	5	1	1	0
       17	2026-07-10 07:29:37	5	0	1	0
        8	2026-07-10 07:32:11	5	0	1	0
       27	2026-07-10 07:34:47	5	0	1	0
      120	2026-07-10 07:35:02	5	0	1	0
       18	2026-07-10 07:45:48	5	0	1	0
       86	2026-07-10 08:04:26	5	0	1	0
       11	2026-07-10 08:14:06	5	0	1	0
       58	2026-07-10 08:16:14	5	0	1	0
       58	2026-07-10 08:16:17	5	0	1	0
        7	2026-07-10 08:16:38	5	0	1	0
      150	2026-07-10 08:19:38	5	0	1	0
       29	2026-07-10 08:19:50	5	0	1	0
        6	2026-07-10 08:20:20	5	0	1	0
       76	2026-07-10 08:20:25	5	0	1	0
       15	2026-07-10 08:21:46	5	0	1	0
      111	2026-07-10 08:22:58	5	0	1	0
      121	2026-07-10 08:23:08	5	0	1	0
     5555	2026-07-10 08:24:44	5	0	1	0
       68	2026-07-10 08:25:55	5	0	1	0
      114	2026-07-10 08:26:51	5	0	1	0
      123	2026-07-10 08:28:00	5	0	1	0
       16	2026-07-10 08:30:43	5	0	1	0
       44	2026-07-10 08:32:20	5	0	1	0
       30	2026-07-10 10:34:04	5	0	1	0
     5555	2026-07-10 18:49:47	5	1	1	0
       27	2026-07-10 22:00:04	5	1	1	0
      120	2026-07-10 22:00:14	5	1	1	0
       15	2026-07-10 22:00:23	5	1	1	0
       18	2026-07-10 22:01:42	5	1	1	0
       16	2026-07-10 22:01:58	5	1	1	0
       68	2026-07-10 22:02:18	5	1	1	0
        7	2026-07-10 22:05:48	5	1	1	0
       17	2026-07-10 22:05:56	5	1	1	0
      123	2026-07-10 22:06:26	5	1	1	0
       76	2026-07-10 22:09:29	5	1	1	0
       58	2026-07-10 22:09:41	5	1	1	0
       58	2026-07-10 22:09:50	5	1	1	0
      111	2026-07-10 22:10:54	5	1	1	0
       44	2026-07-10 22:12:17	5	1	1	0
      114	2026-07-10 22:12:34	5	1	1	0
      121	2026-07-10 22:14:29	5	1	1	0
       29	2026-07-10 22:14:46	5	1	1	0
        6	2026-07-10 22:15:08	5	1	1	0
       86	2026-07-10 22:16:42	5	1	1	0
      150	2026-07-10 22:19:16	5	1	1	0
       11	2026-07-10 22:21:09	5	1	1	0
       30	2026-07-10 22:23:04	5	1	1	0
       17	2026-07-11 07:27:17	5	0	1	0
        8	2026-07-11 07:27:54	5	0	1	0
      147	2026-07-11 07:39:56	5	0	1	0
       18	2026-07-11 07:45:44	5	0	1	0
        7	2026-07-11 07:55:29	5	0	1	0
       19	2026-07-11 08:07:35	5	0	1	0
      111	2026-07-11 08:15:25	5	0	1	0
      114	2026-07-11 08:15:32	5	0	1	0
        6	2026-07-11 08:15:41	5	0	1	0
       76	2026-07-11 08:17:47	5	0	1	0
       27	2026-07-11 08:18:40	5	0	1	0
      120	2026-07-11 08:19:06	5	0	1	0
       15	2026-07-11 08:19:44	5	0	1	0
       45	2026-07-11 08:23:03	5	0	1	0
       61	2026-07-11 08:24:58	5	0	1	0
      123	2026-07-11 08:25:09	5	0	1	0
      150	2026-07-11 08:28:06	5	0	1	0
       29	2026-07-11 08:28:29	5	0	1	0
       68	2026-07-11 08:31:03	5	0	1	0
       85	2026-07-11 08:33:25	5	0	1	0
       11	2026-07-11 08:34:42	5	0	1	0
       86	2026-07-11 08:34:51	5	0	1	0
       16	2026-07-11 08:35:36	5	0	1	0
       44	2026-07-11 08:36:20	5	0	1	0
      145	2026-07-11 08:44:17	5	0	1	0
       30	2026-07-11 08:55:32	5	0	1	0
       19	2026-07-11 22:00:02	5	1	1	0
       68	2026-07-11 22:00:10	5	1	1	0
      150	2026-07-11 22:00:19	5	1	1	0
      147	2026-07-11 22:00:23	5	1	1	0
      114	2026-07-11 22:00:27	5	1	1	0
      145	2026-07-11 22:00:35	5	1	1	0
      123	2026-07-11 22:00:44	5	1	1	0
      111	2026-07-11 22:00:49	5	1	1	0
        6	2026-07-11 22:01:03	5	1	1	0
        7	2026-07-11 22:01:08	5	1	1	0
       27	2026-07-11 22:01:14	5	1	1	0
      120	2026-07-11 22:01:31	5	1	1	0
       18	2026-07-11 22:01:39	5	1	1	0
       17	2026-07-11 22:01:45	5	1	1	0
       85	2026-07-11 22:01:50	5	1	1	0
       76	2026-07-11 22:02:18	5	1	1	0
      111	2026-07-11 22:03:54	5	1	1	0
       16	2026-07-11 22:04:01	5	1	1	0
       15	2026-07-11 22:05:28	5	1	1	0
      131	2026-07-11 22:09:00	5	1	1	0
       45	2026-07-11 22:12:55	5	1	1	0
       86	2026-07-11 22:13:42	5	1	1	0
       29	2026-07-11 22:14:13	5	1	1	0
       30	2026-07-11 22:15:05	5	1	1	0
       61	2026-07-11 22:15:16	5	1	1	0
       17	2026-07-12 07:38:55	5	0	1	0
        8	2026-07-12 07:40:04	5	0	1	0
        7	2026-07-12 07:43:01	5	0	1	0
      147	2026-07-12 07:49:00	5	0	1	0
       18	2026-07-12 08:04:53	5	0	1	0
       19	2026-07-12 08:08:20	5	0	1	0
       86	2026-07-12 08:11:42	5	0	1	0
       76	2026-07-12 08:15:33	5	0	1	0
        6	2026-07-12 08:15:53	5	0	1	0
      123	2026-07-12 08:16:43	5	0	1	0
      111	2026-07-12 08:20:18	5	0	1	0
       27	2026-07-12 08:22:40	5	0	1	0
      120	2026-07-12 08:23:04	5	0	1	0
       61	2026-07-12 08:23:54	5	0	1	0
       15	2026-07-12 08:24:40	5	0	1	0
       58	2026-07-12 08:25:16	5	0	1	0
       58	2026-07-12 08:25:19	5	0	1	0
       45	2026-07-12 08:25:32	5	0	1	0
      121	2026-07-12 08:26:05	5	0	1	0
       68	2026-07-12 08:26:37	5	0	1	0
       30	2026-07-12 08:30:11	5	0	1	0
      150	2026-07-12 08:30:41	5	0	1	0
       29	2026-07-12 08:30:58	5	0	1	0
       16	2026-07-12 08:31:31	5	0	1	0
      114	2026-07-12 08:32:28	5	0	1	0
       85	2026-07-12 08:38:51	5	0	1	0
      145	2026-07-12 08:40:00	5	0	1	0
       27	2026-07-12 22:00:02	5	1	1	0
       61	2026-07-12 22:00:09	5	1	1	0
      145	2026-07-12 22:00:22	5	1	1	0
       58	2026-07-12 22:00:28	5	1	1	0
      123	2026-07-12 22:00:33	5	1	1	0
       18	2026-07-12 22:00:40	5	1	1	0
       17	2026-07-12 22:00:45	5	1	1	0
        6	2026-07-12 22:00:50	5	1	1	0
       15	2026-07-12 22:00:55	5	1	1	0
       16	2026-07-12 22:01:01	5	1	1	0
       29	2026-07-12 22:01:06	5	1	1	0
       19	2026-07-12 22:01:11	5	1	1	0
       85	2026-07-12 22:01:14	5	1	1	0
       68	2026-07-12 22:01:19	5	1	1	0
      147	2026-07-12 22:01:24	5	1	1	0
      150	2026-07-12 22:01:29	5	1	1	0
      120	2026-07-12 22:01:33	5	1	1	0
       30	2026-07-12 22:01:39	5	1	1	0
      114	2026-07-12 22:03:37	5	1	1	0
      111	2026-07-12 22:03:42	5	1	1	0
       11	2026-07-12 22:03:53	5	1	1	0
       86	2026-07-12 22:04:34	5	1	1	0
      121	2026-07-12 22:07:32	5	1	1	0
       76	2026-07-12 22:07:37	5	1	1	0
       27	2026-07-13 07:36:16	5	0	1	0
        8	2026-07-13 07:37:50	5	0	1	0
      147	2026-07-13 07:40:37	5	0	1	0
       58	2026-07-13 07:51:57	5	0	1	0
       58	2026-07-13 07:52:03	5	0	1	0
       18	2026-07-13 07:53:17	5	0	1	0
       19	2026-07-13 08:04:37	5	0	1	0
        7	2026-07-13 08:13:08	5	0	1	0
       17	2026-07-13 08:13:49	5	0	1	0
       61	2026-07-13 08:14:25	5	0	1	0
       76	2026-07-13 08:15:38	5	0	1	0
       11	2026-07-13 08:19:52	5	0	1	0
       86	2026-07-13 08:20:14	5	0	1	0
       44	2026-07-13 08:20:59	5	0	1	0
       15	2026-07-13 08:23:13	5	0	1	0
        6	2026-07-13 08:24:28	5	0	1	0
      111	2026-07-13 08:24:33	5	0	1	0
      150	2026-07-13 08:27:19	5	0	1	0
      123	2026-07-13 08:27:54	5	0	1	0
       29	2026-07-13 08:28:01	5	0	1	0
      114	2026-07-13 08:32:45	5	0	1	0
       68	2026-07-13 08:33:43	5	0	1	0
      145	2026-07-13 08:34:14	5	0	1	0
       16	2026-07-13 08:36:39	5	0	1	0
      121	2026-07-13 08:37:22	5	0	1	0
       85	2026-07-13 08:42:12	5	0	1	0
        7	2026-07-13 15:16:40	5	0	1	0
       58	2026-07-13 21:33:08	5	1	1	0
       58	2026-07-13 21:35:19	5	1	1	0
       61	2026-07-13 22:00:04	5	1	1	0
       17	2026-07-13 22:00:13	5	1	1	0
      145	2026-07-13 22:00:18	5	1	1	0
      123	2026-07-13 22:00:24	5	1	1	0
      147	2026-07-13 22:00:30	5	1	1	0
       19	2026-07-13 22:00:35	5	1	1	0
       85	2026-07-13 22:00:41	5	1	1	0
       16	2026-07-13 22:00:46	5	1	1	0
      150	2026-07-13 22:00:52	5	1	1	0
      114	2026-07-13 22:00:56	5	1	1	0
      111	2026-07-13 22:01:01	5	1	1	0
       27	2026-07-13 22:01:06	5	1	1	0
       68	2026-07-13 22:01:16	5	1	1	0
       29	2026-07-13 22:01:22	5	1	1	0
        6	2026-07-13 22:01:30	5	1	1	0
       44	2026-07-13 22:01:36	5	1	1	0
       11	2026-07-13 22:06:48	5	1	1	0
       86	2026-07-13 22:07:52	5	1	1	0
      121	2026-07-13 22:11:16	5	1	1	0
       17	2026-07-14 07:30:37	5	0	1	0
        8	2026-07-14 07:31:01	5	0	1	0
      147	2026-07-14 07:47:32	5	0	1	0
        7	2026-07-14 07:49:23	5	0	1	0
        6	2026-07-14 08:05:33	5	0	1	0
       76	2026-07-14 08:09:56	5	0	1	0
      115	2026-07-14 08:18:16	5	0	1	0
      114	2026-07-14 08:18:21	5	0	1	0
       15	2026-07-14 08:20:58	5	0	1	0
      121	2026-07-14 08:24:00	5	0	1	0
      150	2026-07-14 08:24:40	5	0	1	0
       27	2026-07-14 08:24:56	5	0	1	0
      120	2026-07-14 08:25:14	5	0	1	0
       29	2026-07-14 08:25:22	5	0	1	0
       58	2026-07-14 08:25:30	5	0	1	0
       61	2026-07-14 08:26:09	5	0	1	0
     5555	2026-07-14 08:26:51	5	0	1	0
       61	2026-07-14 08:27:23	5	0	1	0
       45	2026-07-14 08:28:28	5	0	1	0
       16	2026-07-14 08:29:43	5	0	1	0
       44	2026-07-14 08:34:21	5	0	1	0
       85	2026-07-14 08:40:12	5	0	1	0
       30	2026-07-14 08:42:56	5	0	1	0
      145	2026-07-14 08:44:50	5	0	1	0
     5555	2026-07-14 19:04:35	5	1	1	0
        8	2026-07-14 20:09:55	5	1	1	0
       58	2026-07-14 21:32:32	5	1	1	0
       58	2026-07-14 21:32:35	5	1	1	0
      145	2026-07-14 22:00:04	5	1	1	0
       16	2026-07-14 22:00:08	5	1	1	0
      114	2026-07-14 22:00:12	5	1	1	0
       15	2026-07-14 22:00:18	5	1	1	0
      147	2026-07-14 22:00:23	5	1	1	0
        6	2026-07-14 22:00:30	5	1	1	0
        7	2026-07-14 22:00:35	5	1	1	0
       85	2026-07-14 22:00:39	5	1	1	0
       45	2026-07-14 22:00:45	5	1	1	0
       17	2026-07-14 22:00:53	5	1	1	0
       30	2026-07-14 22:00:57	5	1	1	0
      120	2026-07-14 22:01:04	5	1	1	0
      150	2026-07-14 22:01:10	5	1	1	0
       29	2026-07-14 22:01:17	5	1	1	0
       27	2026-07-14 22:01:23	5	1	1	0
       44	2026-07-14 22:01:30	5	1	1	0
      121	2026-07-14 22:01:38	5	1	1	0
       76	2026-07-14 22:01:49	5	1	1	0
       61	2026-07-14 22:01:55	5	1	1	0
       17	2026-07-15 07:22:51	5	0	1	0
        7	2026-07-15 07:24:49	5	0	1	0
        8	2026-07-15 07:27:41	5	0	1	0
      111	2026-07-15 07:54:22	5	0	1	0
       61	2026-07-15 08:03:11	5	0	1	0
       19	2026-07-15 08:06:49	5	0	1	0
       76	2026-07-15 08:16:01	5	0	1	0
      123	2026-07-15 08:16:15	5	0	1	0
     5555	2026-07-15 08:16:36	5	0	1	0
       15	2026-07-15 08:16:59	5	0	1	0
      114	2026-07-15 08:21:36	5	0	1	0
      145	2026-07-15 08:23:02	5	0	1	0
       68	2026-07-15 08:23:13	5	0	1	0
       27	2026-07-15 08:24:00	5	0	1	0
      120	2026-07-15 08:24:06	5	0	1	0
       45	2026-07-15 08:24:19	5	0	1	0
       58	2026-07-15 08:25:19	5	0	1	0
       58	2026-07-15 08:25:23	5	0	1	0
       30	2026-07-15 08:28:39	5	0	1	0
       44	2026-07-15 08:31:21	5	0	1	0
       11	2026-07-15 08:31:28	5	0	1	0
       86	2026-07-15 08:31:35	5	0	1	0
       85	2026-07-15 08:42:04	5	0	1	0
       18	2026-07-15 08:47:51	5	0	1	0
     5555	2026-07-15 18:26:10	5	1	1	0
        8	2026-07-15 20:13:36	5	1	1	0
      111	2026-07-15 21:53:27	5	1	1	0
       30	2026-07-15 22:00:11	5	1	1	0
        7	2026-07-15 22:00:18	5	1	1	0
       58	2026-07-15 22:00:23	5	1	1	0
       15	2026-07-15 22:00:31	5	1	1	0
       17	2026-07-15 22:00:37	5	1	1	0
      114	2026-07-15 22:00:45	5	1	1	0
       44	2026-07-15 22:00:49	5	1	1	0
       45	2026-07-15 22:00:55	5	1	1	0
      145	2026-07-15 22:01:02	5	1	1	0
       85	2026-07-15 22:01:07	5	1	1	0
      123	2026-07-15 22:01:13	5	1	1	0
      120	2026-07-15 22:01:31	5	1	1	0
       86	2026-07-15 22:01:38	5	1	1	0
       68	2026-07-15 22:01:44	5	1	1	0
       18	2026-07-15 22:01:52	5	1	1	0
       61	2026-07-15 22:02:01	5	1	1	0
       76	2026-07-15 22:02:08	5	1	1	0
       11	2026-07-15 22:02:14	5	1	1	0
        8	2026-07-16 07:30:15	5	0	1	0
       17	2026-07-16 07:30:36	5	0	1	0
        7	2026-07-16 07:38:32	5	0	1	0
       61	2026-07-16 08:08:22	5	0	1	0
       19	2026-07-16 08:09:25	5	0	1	0
        6	2026-07-16 08:12:33	5	0	1	0
     5555	2026-07-16 08:21:52	5	0	1	0
       15	2026-07-16 08:22:08	5	0	1	0
       58	2026-07-16 08:22:58	5	0	1	0
       58	2026-07-16 08:23:03	5	0	1	0
      150	2026-07-16 08:24:01	5	0	1	0
       76	2026-07-16 08:24:37	5	0	1	0
       29	2026-07-16 08:25:30	5	0	1	0
      120	2026-07-16 08:25:39	5	0	1	0
       68	2026-07-16 08:25:48	5	0	1	0
      114	2026-07-16 08:26:43	5	0	1	0
       45	2026-07-16 08:27:54	5	0	1	0
      123	2026-07-16 08:28:03	5	0	1	0
       16	2026-07-16 08:28:23	5	0	1	0
      111	2026-07-16 08:29:39	5	0	1	0
      145	2026-07-16 08:30:45	5	0	1	0
       44	2026-07-16 08:31:22	5	0	1	0
       18	2026-07-16 08:32:13	5	0	1	0
       30	2026-07-16 09:55:55	5	0	1	0
     5555	2026-07-16 18:17:40	5	1	1	0
        8	2026-07-16 20:19:50	5	1	1	0
       58	2026-07-16 22:00:09	5	1	1	0
       29	2026-07-16 22:00:15	5	1	1	0
        6	2026-07-16 22:00:19	5	1	1	0
       19	2026-07-16 22:00:25	5	1	1	0
       44	2026-07-16 22:00:29	5	1	1	0
      145	2026-07-16 22:00:35	5	1	1	0
       18	2026-07-16 22:00:42	5	1	1	0
       17	2026-07-16 22:00:47	5	1	1	0
       16	2026-07-16 22:00:50	5	1	1	0
      120	2026-07-16 22:00:58	5	1	1	0
       15	2026-07-16 22:01:03	5	1	1	0
       30	2026-07-16 22:01:08	5	1	1	0
      123	2026-07-16 22:01:13	5	1	1	0
       76	2026-07-16 22:01:18	5	1	1	0
        7	2026-07-16 22:01:23	5	1	1	0
      150	2026-07-16 22:01:26	5	1	1	0
       61	2026-07-16 22:01:31	5	1	1	0
       68	2026-07-16 22:01:48	5	1	1	0
      114	2026-07-16 22:01:56	5	1	1	0
      111	2026-07-16 22:02:02	5	1	1	0
       45	2026-07-16 22:02:07	5	1	1	0
       86	2026-07-16 22:02:16	5	1	1	0
       11	2026-07-16 22:02:26	5	1	1	0
       61	2026-07-16 22:06:04	5	1	1	0
       17	2026-07-17 07:23:00	5	0	1	0
        8	2026-07-17 07:23:35	5	0	1	0
        7	2026-07-17 08:03:53	5	0	1	0
       19	2026-07-17 08:13:29	5	0	1	0
        6	2026-07-17 08:13:42	5	0	1	0
       58	2026-07-17 08:14:35	5	0	1	0
       58	2026-07-17 08:14:38	5	0	1	0
      111	2026-07-17 08:15:07	5	0	1	0
       15	2026-07-17 08:19:56	5	0	1	0
       76	2026-07-17 08:20:18	5	0	1	0
      123	2026-07-17 08:22:45	5	0	1	0
       61	2026-07-17 08:22:56	5	0	1	0
       45	2026-07-17 08:24:27	5	0	1	0
       27	2026-07-17 08:26:08	5	0	1	0
      120	2026-07-17 08:26:35	5	0	1	0
       18	2026-07-17 08:26:44	5	0	1	0
       68	2026-07-17 08:26:51	5	0	1	0
     5555	2026-07-17 08:26:57	5	0	1	0
       11	2026-07-17 08:27:31	5	0	1	0
       86	2026-07-17 08:27:41	5	0	1	0
      150	2026-07-17 08:31:34	5	0	1	0
       29	2026-07-17 08:32:24	5	0	1	0
       16	2026-07-17 08:33:38	5	0	1	0
       85	2026-07-17 08:39:18	5	0	1	0
       44	2026-07-17 08:40:55	5	0	1	0
     5555	2026-07-17 18:12:42	5	1	1	0
        8	2026-07-17 20:15:48	5	1	1	0
       16	2026-07-17 22:00:02	5	1	1	0
       58	2026-07-17 22:00:08	5	1	1	0
       61	2026-07-17 22:00:15	5	1	1	0
      123	2026-07-17 22:00:22	5	1	1	0
       68	2026-07-17 22:00:28	5	1	1	0
      150	2026-07-17 22:00:34	5	1	1	0
      111	2026-07-17 22:00:39	5	1	1	0
       15	2026-07-17 22:00:44	5	1	1	0
       44	2026-07-17 22:00:49	5	1	1	0
       29	2026-07-17 22:00:57	5	1	1	0
        6	2026-07-17 22:01:03	5	1	1	0
        7	2026-07-17 22:01:09	5	1	1	0
      120	2026-07-17 22:01:14	5	1	1	0
       17	2026-07-17 22:01:21	5	1	1	0
       76	2026-07-17 22:01:27	5	1	1	0
       11	2026-07-17 22:01:34	5	1	1	0
       86	2026-07-17 22:01:42	5	1	1	0
       18	2026-07-17 22:02:07	5	1	1	0
       85	2026-07-17 22:02:18	5	1	1	0
       45	2026-07-17 22:02:40	5	1	1	0
        8	2026-07-18 07:39:07	5	0	1	0
      147	2026-07-18 07:39:14	5	0	1	0
        7	2026-07-18 07:39:28	5	0	1	0
       17	2026-07-18 07:39:53	5	0	1	0
       18	2026-07-18 07:47:06	5	0	1	0
       19	2026-07-18 08:06:17	5	0	1	0
       45	2026-07-18 08:11:32	5	0	1	0
       58	2026-07-18 08:13:06	5	0	1	0
       58	2026-07-18 08:13:09	5	0	1	0
      111	2026-07-18 08:17:06	5	0	1	0
     5555	2026-07-18 08:19:04	5	0	1	0
        6	2026-07-18 08:19:57	5	0	1	0
       76	2026-07-18 08:20:03	5	0	1	0
      120	2026-07-18 08:20:26	5	0	1	0
       29	2026-07-18 08:21:41	5	0	1	0
      150	2026-07-18 08:22:22	5	0	1	0
      121	2026-07-18 08:22:31	5	0	1	0
       61	2026-07-18 08:22:45	5	0	1	0
       15	2026-07-18 08:22:52	5	0	1	0
       61	2026-07-18 08:22:59	5	0	1	0
      123	2026-07-18 08:23:06	5	0	1	0
      114	2026-07-18 08:28:38	5	0	1	0
       16	2026-07-18 08:31:14	5	0	1	0
       68	2026-07-18 08:31:20	5	0	1	0
       44	2026-07-18 08:35:28	5	0	1	0
      145	2026-07-18 08:41:43	5	0	1	0
       85	2026-07-18 08:42:46	5	0	1	0
       30	2026-07-18 08:44:12	5	0	1	0
     5555	2026-07-18 18:52:15	5	1	1	0
       44	2026-07-18 22:00:03	5	1	1	0
       16	2026-07-18 22:00:07	5	1	1	0
        7	2026-07-18 22:00:12	5	1	1	0
       58	2026-07-18 22:00:17	5	1	1	0
       85	2026-07-18 22:00:25	5	1	1	0
       30	2026-07-18 22:00:33	5	1	1	0
       86	2026-07-18 22:00:38	5	1	1	0
       11	2026-07-18 22:00:44	5	1	1	0
       18	2026-07-18 22:00:51	5	1	1	0
       19	2026-07-18 22:00:55	5	1	1	0
      114	2026-07-18 22:00:59	5	1	1	0
      123	2026-07-18 22:01:04	5	1	1	0
       15	2026-07-18 22:01:09	5	1	1	0
      147	2026-07-18 22:01:13	5	1	1	0
       17	2026-07-18 22:01:18	5	1	1	0
       68	2026-07-18 22:01:23	5	1	1	0
       45	2026-07-18 22:01:29	5	1	1	0
      150	2026-07-18 22:01:34	5	1	1	0
      145	2026-07-18 22:01:41	5	1	1	0
       29	2026-07-18 22:01:46	5	1	1	0
      120	2026-07-18 22:01:50	5	1	1	0
       76	2026-07-18 22:01:56	5	1	1	0
       61	2026-07-18 22:02:00	5	1	1	0
        6	2026-07-18 22:02:07	5	1	1	0
      121	2026-07-18 22:02:17	5	1	1	0
       17	2026-07-19 07:26:23	5	0	1	0
        8	2026-07-19 07:27:25	5	0	1	0
      147	2026-07-19 07:32:24	5	0	1	0
        7	2026-07-19 07:50:36	5	0	1	0
       18	2026-07-19 07:54:49	5	0	1	0
       61	2026-07-19 08:04:00	5	0	1	0
       19	2026-07-19 08:06:53	5	0	1	0
       61	2026-07-19 08:13:36	5	0	1	0
       76	2026-07-19 08:15:51	5	0	1	0
       11	2026-07-19 08:16:08	5	0	1	0
       86	2026-07-19 08:16:34	5	0	1	0
      123	2026-07-19 08:16:39	5	0	1	0
      111	2026-07-19 08:16:45	5	0	1	0
        6	2026-07-19 08:16:52	5	0	1	0
       15	2026-07-19 08:16:59	5	0	1	0
      114	2026-07-19 08:18:17	5	0	1	0
       27	2026-07-19 08:21:26	5	0	1	0
      120	2026-07-19 08:21:46	5	0	1	0
       58	2026-07-19 08:22:30	5	0	1	0
       45	2026-07-19 08:25:44	5	0	1	0
      150	2026-07-19 08:25:49	5	0	1	0
     5555	2026-07-19 08:26:08	5	0	1	0
       29	2026-07-19 08:26:15	5	0	1	0
       16	2026-07-19 08:27:35	5	0	1	0
       30	2026-07-19 08:27:51	5	0	1	0
       68	2026-07-19 08:30:05	5	0	1	0
      121	2026-07-19 08:31:35	5	0	1	0
       44	2026-07-19 08:32:23	5	0	1	0
       85	2026-07-19 08:37:54	5	0	1	0
      145	2026-07-19 08:41:55	5	0	1	0
     5555	2026-07-19 19:39:18	5	1	1	0
        8	2026-07-19 20:08:39	5	1	1	0
       27	2026-07-19 22:00:03	5	1	1	0
      123	2026-07-19 22:00:10	5	1	1	0
       58	2026-07-19 22:00:15	5	1	1	0
       15	2026-07-19 22:00:21	5	1	1	0
      145	2026-07-19 22:00:28	5	1	1	0
       61	2026-07-19 22:00:35	5	1	1	0
       16	2026-07-19 22:00:40	5	1	1	0
       18	2026-07-19 22:00:45	5	1	1	0
       19	2026-07-19 22:00:49	5	1	1	0
      111	2026-07-19 22:00:53	5	1	1	0
        7	2026-07-19 22:00:58	5	1	1	0
       68	2026-07-19 22:01:03	5	1	1	0
       44	2026-07-19 22:01:08	5	1	1	0
       17	2026-07-19 22:01:13	5	1	1	0
      150	2026-07-19 22:01:18	5	1	1	0
      114	2026-07-19 22:01:23	5	1	1	0
       85	2026-07-19 22:01:29	5	1	1	0
      120	2026-07-19 22:01:33	5	1	1	0
      147	2026-07-19 22:01:39	5	1	1	0
       29	2026-07-19 22:01:44	5	1	1	0
       11	2026-07-19 22:01:53	5	1	1	0
       45	2026-07-19 22:01:59	5	1	1	0
        6	2026-07-19 22:02:04	5	1	1	0
       86	2026-07-19 22:02:10	5	1	1	0
      121	2026-07-19 22:02:18	5	1	1	0
       76	2026-07-19 22:02:30	5	1	1	0
        7	2026-07-20 07:14:16	5	0	1	0
       17	2026-07-20 07:15:51	5	0	1	0
        8	2026-07-20 07:28:09	5	0	1	0
      147	2026-07-20 07:39:01	5	0	1	0
       27	2026-07-20 07:56:26	5	0	1	0
       19	2026-07-20 08:04:41	5	0	1	0
       58	2026-07-20 08:07:30	5	0	1	0
        6	2026-07-20 08:12:12	5	0	1	0
      150	2026-07-20 08:12:20	5	0	1	0
       29	2026-07-20 08:13:15	5	0	1	0
       76	2026-07-20 08:16:27	5	0	1	0
       11	2026-07-20 08:17:33	5	0	1	0
       86	2026-07-20 08:18:13	5	0	1	0
       15	2026-07-20 08:22:04	5	0	1	0
       15	2026-07-20 08:23:22	5	0	1	0
      111	2026-07-20 08:23:28	5	0	1	0
        6	2026-07-20 08:23:34	5	0	1	0
      121	2026-07-20 08:23:42	5	0	1	0
       45	2026-07-20 08:26:43	5	0	1	0
       68	2026-07-20 08:27:12	5	0	1	0
      123	2026-07-20 08:30:05	5	0	1	0
      114	2026-07-20 08:30:38	5	0	1	0
      145	2026-07-20 08:32:15	5	0	1	0
       85	2026-07-20 08:33:48	5	0	1	0
       18	2026-07-20 08:35:58	5	0	1	0
       16	2026-07-20 08:53:24	5	0	1	0
        8	2026-07-20 20:13:16	5	1	1	0
       19	2026-07-20 22:00:02	5	1	1	0
       58	2026-07-20 22:00:07	5	1	1	0
      147	2026-07-20 22:00:13	5	1	1	0
       27	2026-07-20 22:00:18	5	1	1	0
       68	2026-07-20 22:00:24	5	1	1	0
        7	2026-07-20 22:00:33	5	1	1	0
       15	2026-07-20 22:00:38	5	1	1	0
       17	2026-07-20 22:00:45	5	1	1	0
        6	2026-07-20 22:00:49	5	1	1	0
      145	2026-07-20 22:00:57	5	1	1	0
       16	2026-07-20 22:01:03	5	1	1	0
      111	2026-07-20 22:01:08	5	1	1	0
      123	2026-07-20 22:01:13	5	1	1	0
      114	2026-07-20 22:01:19	5	1	1	0
       29	2026-07-20 22:01:23	5	1	1	0
       85	2026-07-20 22:01:32	5	1	1	0
       18	2026-07-20 22:01:43	5	1	1	0
      150	2026-07-20 22:01:51	5	1	1	0
       11	2026-07-20 22:01:57	5	1	1	0
       86	2026-07-20 22:02:04	5	1	1	0
      121	2026-07-20 22:02:50	5	1	1	0
       76	2026-07-20 22:03:13	5	1	1	0
       45	2026-07-20 22:03:23	5	1	1	0
       17	2026-07-21 07:26:22	5	0	1	0
      147	2026-07-21 07:31:44	5	0	1	0
        7	2026-07-21 07:39:56	5	0	1	0
        6	2026-07-21 07:40:43	5	0	1	0
        6	2026-07-21 07:46:08	5	0	1	0
       58	2026-07-21 07:56:53	5	0	1	0
       58	2026-07-21 07:56:55	5	0	1	0
      111	2026-07-21 07:57:15	5	0	1	0
       76	2026-07-21 08:07:23	5	0	1	0
       45	2026-07-21 08:19:24	5	0	1	0
       11	2026-07-21 08:21:24	5	0	1	0
       86	2026-07-21 08:21:47	5	0	1	0
     5555	2026-07-21 08:22:02	5	0	1	0
       27	2026-07-21 08:23:50	5	0	1	0
      120	2026-07-21 08:24:00	5	0	1	0
      150	2026-07-21 08:24:23	5	0	1	0
      145	2026-07-21 08:24:32	5	0	1	0
       29	2026-07-21 08:24:38	5	0	1	0
       61	2026-07-21 08:24:44	5	0	1	0
       15	2026-07-21 08:24:52	5	0	1	0
       16	2026-07-21 08:28:11	5	0	1	0
      121	2026-07-21 08:28:18	5	0	1	0
       44	2026-07-21 08:32:17	5	0	1	0
       85	2026-07-21 08:38:31	5	0	1	0
      114	2026-07-21 08:50:45	5	0	1	0
     5555	2026-07-21 18:02:33	5	1	1	0
       58	2026-07-21 20:38:57	5	1	1	0
       16	2026-07-21 22:00:02	5	1	1	0
        7	2026-07-21 22:00:20	5	1	1	0
      145	2026-07-21 22:00:27	5	1	1	0
       15	2026-07-21 22:00:32	5	1	1	0
      111	2026-07-21 22:00:36	5	1	1	0
      147	2026-07-21 22:00:41	5	1	1	0
       27	2026-07-21 22:00:47	5	1	1	0
       17	2026-07-21 22:00:53	5	1	1	0
      120	2026-07-21 22:00:57	5	1	1	0
        6	2026-07-21 22:01:04	5	1	1	0
       45	2026-07-21 22:01:09	5	1	1	0
      114	2026-07-21 22:01:12	5	1	1	0
       85	2026-07-21 22:01:19	5	1	1	0
       11	2026-07-21 22:01:25	5	1	1	0
       86	2026-07-21 22:01:32	5	1	1	0
       29	2026-07-21 22:01:37	5	1	1	0
       76	2026-07-21 22:01:44	5	1	1	0
       61	2026-07-21 22:01:50	5	1	1	0
      121	2026-07-21 22:01:58	5	1	1	0
      150	2026-07-21 22:02:28	5	1	1	0
       17	2026-07-22 07:27:55	5	0	1	0
        7	2026-07-22 07:34:11	5	0	1	0
      147	2026-07-22 07:46:21	5	0	1	0
       18	2026-07-22 08:02:31	5	0	1	0
       19	2026-07-22 08:06:31	5	0	1	0
       61	2026-07-22 08:07:24	5	0	1	0
        6	2026-07-22 08:17:46	5	0	1	0
       11	2026-07-22 08:19:27	5	0	1	0
      111	2026-07-22 08:19:36	5	0	1	0
       86	2026-07-22 08:19:52	5	0	1	0
      123	2026-07-22 08:21:37	5	0	1	0
       15	2026-07-22 08:21:53	5	0	1	0
       58	2026-07-22 08:23:42	5	0	1	0
       58	2026-07-22 08:23:44	5	0	1	0
       76	2026-07-22 08:25:52	5	0	1	0
      145	2026-07-22 08:27:16	5	0	1	0
       45	2026-07-22 08:27:22	5	0	1	0
      121	2026-07-22 08:27:28	5	0	1	0
     5555	2026-07-22 08:28:40	5	0	1	0
       61	2026-07-22 08:28:50	5	0	1	0
       27	2026-07-22 08:30:15	5	0	1	0
       16	2026-07-22 08:30:31	5	0	1	0
      120	2026-07-22 08:30:41	5	0	1	0
      114	2026-07-22 08:31:23	5	0	1	0
       44	2026-07-22 08:36:12	5	0	1	0
       68	2026-07-22 08:37:40	5	0	1	0
       30	2026-07-22 08:42:24	5	0	1	0
       85	2026-07-22 08:42:34	5	0	1	0
     5555	2026-07-22 18:14:19	5	1	1	0
        8	2026-07-22 20:02:35	5	1	1	0
       45	2026-07-22 22:00:05	5	1	1	0
       30	2026-07-22 22:00:10	5	1	1	0
       58	2026-07-22 22:00:18	5	1	1	0
        7	2026-07-22 22:00:25	5	1	1	0
       68	2026-07-22 22:00:30	5	1	1	0
       15	2026-07-22 22:00:35	5	1	1	0
       19	2026-07-22 22:00:39	5	1	1	0
      147	2026-07-22 22:00:44	5	1	1	0
       17	2026-07-22 22:00:49	5	1	1	0
       16	2026-07-22 22:00:54	5	1	1	0
      123	2026-07-22 22:01:00	5	1	1	0
        6	2026-07-22 22:01:05	5	1	1	0
       85	2026-07-22 22:01:08	5	1	1	0
       27	2026-07-22 22:01:13	5	1	1	0
       18	2026-07-22 22:01:22	5	1	1	0
      111	2026-07-22 22:01:27	5	1	1	0
       61	2026-07-22 22:01:39	5	1	1	0
      120	2026-07-22 22:01:54	5	1	1	0
      114	2026-07-22 22:02:01	5	1	1	0
       86	2026-07-22 22:02:07	5	1	1	0
       44	2026-07-22 22:02:13	5	1	1	0
       11	2026-07-22 22:02:21	5	1	1	0
       76	2026-07-22 22:02:38	5	1	1	0
      121	2026-07-22 22:07:28	5	1	1	0
       17	2026-07-23 07:35:43	5	0	1	0
      147	2026-07-23 07:57:42	5	0	1	0
        7	2026-07-23 08:03:17	5	0	1	0
       19	2026-07-23 08:04:44	5	0	1	0
       18	2026-07-23 08:09:05	5	0	1	0
       58	2026-07-23 08:09:37	5	0	1	0
       58	2026-07-23 08:09:39	5	0	1	0
       11	2026-07-23 08:16:18	5	0	1	0
       86	2026-07-23 08:16:29	5	0	1	0
       45	2026-07-23 08:17:27	5	0	1	0
       61	2026-07-23 08:17:55	5	0	1	0
       76	2026-07-23 08:20:49	5	0	1	0
     5555	2026-07-23 08:21:04	5	0	1	0
        6	2026-07-23 08:24:45	5	0	1	0
       15	2026-07-23 08:24:53	5	0	1	0
       30	2026-07-23 08:26:02	5	0	1	0
      111	2026-07-23 08:26:53	5	0	1	0
       27	2026-07-23 08:27:20	5	0	1	0
      120	2026-07-23 08:27:43	5	0	1	0
      150	2026-07-23 08:28:33	5	0	1	0
       29	2026-07-23 08:28:56	5	0	1	0
       16	2026-07-23 08:29:10	5	0	1	0
       16	2026-07-23 08:29:13	5	0	1	0
      123	2026-07-23 08:29:28	5	0	1	0
      121	2026-07-23 08:32:47	5	0	1	0
       44	2026-07-23 08:33:54	5	0	1	0
       68	2026-07-23 08:33:59	5	0	1	0
     5555	2026-07-23 18:09:33	5	1	1	0
       15	2026-07-23 20:15:58	5	1	1	0
       17	2026-07-23 22:00:02	5	1	1	0
       68	2026-07-23 22:00:07	5	1	1	0
       27	2026-07-23 22:00:12	5	1	1	0
       18	2026-07-23 22:00:26	5	1	1	0
       30	2026-07-23 22:00:36	5	1	1	0
      111	2026-07-23 22:00:41	5	1	1	0
      123	2026-07-23 22:00:46	5	1	1	0
       19	2026-07-23 22:00:49	5	1	1	0
       58	2026-07-23 22:00:54	5	1	1	0
        7	2026-07-23 22:01:00	5	1	1	0
      147	2026-07-23 22:01:04	5	1	1	0
       16	2026-07-23 22:01:09	5	1	1	0
       29	2026-07-23 22:01:14	5	1	1	0
       44	2026-07-23 22:01:18	5	1	1	0
       86	2026-07-23 22:01:24	5	1	1	0
      150	2026-07-23 22:01:32	5	1	1	0
       11	2026-07-23 22:01:37	5	1	1	0
      120	2026-07-23 22:01:45	5	1	1	0
        6	2026-07-23 22:01:52	5	1	1	0
       45	2026-07-23 22:01:57	5	1	1	0
      121	2026-07-23 22:02:07	5	1	1	0
       76	2026-07-23 22:02:12	5	1	1	0
       61	2026-07-23 22:02:24	5	1	1	0
        7	2026-07-24 07:11:59	5	0	1	0
       17	2026-07-24 07:12:10	5	0	1	0
        8	2026-07-24 07:19:27	5	0	1	0
      147	2026-07-24 08:00:29	5	0	1	0
       19	2026-07-24 08:08:10	5	0	1	0
       76	2026-07-24 08:09:52	5	0	1	0
        6	2026-07-24 08:10:25	5	0	1	0
      111	2026-07-24 08:11:31	5	0	1	0
       11	2026-07-24 08:13:13	5	0	1	0
       86	2026-07-24 08:13:28	5	0	1	0
      123	2026-07-24 08:20:23	5	0	1	0
       61	2026-07-24 08:20:53	5	0	1	0
       27	2026-07-24 08:21:48	5	0	1	0
     5555	2026-07-24 08:22:17	5	0	1	0
      120	2026-07-24 08:22:34	5	0	1	0
      150	2026-07-24 08:25:05	5	0	1	0
       29	2026-07-24 08:25:36	5	0	1	0
      114	2026-07-24 08:27:15	5	0	1	0
      121	2026-07-24 08:30:22	5	0	1	0
       16	2026-07-24 08:31:33	5	0	1	0
       85	2026-07-24 08:31:40	5	0	1	0
      145	2026-07-24 08:32:04	5	0	1	0
       44	2026-07-24 08:34:05	5	0	1	0
       68	2026-07-24 08:34:26	5	0	1	0
       30	2026-07-24 08:45:26	5	0	1	0
       18	2026-07-24 09:05:37	5	0	1	0
     5555	2026-07-24 18:10:43	5	1	1	0
        8	2026-07-24 20:22:40	5	1	1	0
       30	2026-07-24 21:28:44	5	1	1	0
       61	2026-07-24 22:00:04	5	1	1	0
      145	2026-07-24 22:00:22	5	1	1	0
       27	2026-07-24 22:00:28	5	1	1	0
       16	2026-07-24 22:00:37	5	1	1	0
       17	2026-07-24 22:00:42	5	1	1	0
      147	2026-07-24 22:00:52	5	1	1	0
       68	2026-07-24 22:00:57	5	1	1	0
       85	2026-07-24 22:01:01	5	1	1	0
      114	2026-07-24 22:01:13	5	1	1	0
        6	2026-07-24 22:01:19	5	1	1	0
      111	2026-07-24 22:01:24	5	1	1	0
        7	2026-07-24 22:01:29	5	1	1	0
       44	2026-07-24 22:01:32	5	1	1	0
       18	2026-07-24 22:01:37	5	1	1	0
      123	2026-07-24 22:01:43	5	1	1	0
       29	2026-07-24 22:01:47	5	1	1	0
       11	2026-07-24 22:01:56	5	1	1	0
       76	2026-07-24 22:02:00	5	1	1	0
      120	2026-07-24 22:02:04	5	1	1	0
      150	2026-07-24 22:02:13	5	1	1	0
       86	2026-07-24 22:02:20	5	1	1	0
      121	2026-07-24 22:02:29	5	1	1	0
       17	2026-07-25 07:33:16	5	0	1	0
        8	2026-07-25 07:34:47	5	0	1	0
        7	2026-07-25 07:35:50	5	0	1	0
      147	2026-07-25 07:55:39	5	0	1	0
       18	2026-07-25 08:01:23	5	0	1	0
       19	2026-07-25 08:06:52	5	0	1	0
        6	2026-07-25 08:13:54	5	0	1	0
       11	2026-07-25 08:19:03	5	0	1	0
       86	2026-07-25 08:19:23	5	0	1	0
       76	2026-07-25 08:22:22	5	0	1	0
      123	2026-07-25 08:25:15	5	0	1	0
       27	2026-07-25 08:26:20	5	0	1	0
      145	2026-07-25 08:26:51	5	0	1	0
      111	2026-07-25 08:26:56	5	0	1	0
       61	2026-07-25 08:27:02	5	0	1	0
      120	2026-07-25 08:27:13	5	0	1	0
       68	2026-07-25 08:27:40	5	0	1	0
       45	2026-07-25 08:28:07	5	0	1	0
      150	2026-07-25 08:28:30	5	0	1	0
       29	2026-07-25 08:28:48	5	0	1	0
     5555	2026-07-25 08:28:55	5	0	1	0
      121	2026-07-25 08:29:40	5	0	1	0
       16	2026-07-25 08:31:52	5	0	1	0
       58	2026-07-25 08:32:46	5	0	1	0
      114	2026-07-25 08:35:16	5	0	1	0
       44	2026-07-25 08:36:10	5	0	1	0
       85	2026-07-25 08:40:27	5	0	1	0
     5555	2026-07-25 18:40:14	5	1	1	0
       19	2026-07-25 22:00:02	5	1	1	0
        7	2026-07-25 22:00:07	5	1	1	0
      147	2026-07-25 22:00:12	5	1	1	0
       58	2026-07-25 22:00:20	5	1	1	0
      123	2026-07-25 22:00:25	5	1	1	0
      145	2026-07-25 22:00:31	5	1	1	0
       16	2026-07-25 22:00:36	5	1	1	0
        6	2026-07-25 22:00:40	5	1	1	0
       29	2026-07-25 22:00:46	5	1	1	0
       68	2026-07-25 22:00:51	5	1	1	0
       17	2026-07-25 22:00:57	5	1	1	0
       18	2026-07-25 22:01:01	5	1	1	0
       27	2026-07-25 22:01:08	5	1	1	0
       11	2026-07-25 22:01:14	5	1	1	0
      150	2026-07-25 22:01:25	5	1	1	0
       44	2026-07-25 22:01:28	5	1	1	0
      120	2026-07-25 22:01:36	5	1	1	0
       61	2026-07-25 22:01:43	5	1	1	0
       45	2026-07-25 22:01:54	5	1	1	0
      111	2026-07-25 22:02:04	5	1	1	0
      114	2026-07-25 22:02:08	5	1	1	0
       85	2026-07-25 22:02:59	5	1	1	0
       76	2026-07-25 22:04:17	5	1	1	0
      121	2026-07-25 22:07:18	5	1	1	0
       17	2026-07-26 07:37:33	5	0	1	0
        8	2026-07-26 07:39:46	5	0	1	0
       30	2026-07-26 07:50:21	5	0	1	0
      147	2026-07-26 07:57:25	5	0	1	0
        7	2026-07-26 08:04:01	5	0	1	0
        6	2026-07-26 08:04:11	5	0	1	0
       19	2026-07-26 08:05:40	5	0	1	0
       18	2026-07-26 08:08:53	5	0	1	0
      111	2026-07-26 08:12:01	5	0	1	0
       76	2026-07-26 08:15:40	5	0	1	0
       61	2026-07-26 08:16:16	5	0	1	0
      123	2026-07-26 08:16:23	5	0	1	0
       11	2026-07-26 08:17:07	5	0	1	0
        6	2026-07-26 08:19:44	5	0	1	0
       27	2026-07-26 08:19:53	5	0	1	0
      120	2026-07-26 08:20:36	5	0	1	0
       15	2026-07-26 08:23:18	5	0	1	0
     5555	2026-07-26 08:23:26	5	0	1	0
       68	2026-07-26 08:29:32	5	0	1	0
       16	2026-07-26 08:30:00	5	0	1	0
      121	2026-07-26 08:30:07	5	0	1	0
       58	2026-07-26 08:32:16	5	0	1	0
       29	2026-07-26 08:32:43	5	0	1	0
      150	2026-07-26 08:33:06	5	0	1	0
      145	2026-07-26 08:35:08	5	0	1	0
      114	2026-07-26 08:35:25	5	0	1	0
       85	2026-07-26 08:38:19	5	0	1	0
       44	2026-07-26 08:39:18	5	0	1	0
     5555	2026-07-26 18:01:57	5	1	1	0
       30	2026-07-26 22:00:05	5	1	1	0
      145	2026-07-26 22:00:11	5	1	1	0
       16	2026-07-26 22:00:16	5	1	1	0
       15	2026-07-26 22:00:21	5	1	1	0
      111	2026-07-26 22:00:26	5	1	1	0
       85	2026-07-26 22:00:28	5	1	1	0
        7	2026-07-26 22:00:33	5	1	1	0
       68	2026-07-26 22:00:38	5	1	1	0
       58	2026-07-26 22:00:43	5	1	1	0
       44	2026-07-26 22:00:48	5	1	1	0
       17	2026-07-26 22:00:53	5	1	1	0
       18	2026-07-26 22:01:08	5	1	1	0
      150	2026-07-26 22:01:14	5	1	1	0
       27	2026-07-26 22:01:20	5	1	1	0
      120	2026-07-26 22:01:31	5	1	1	0
        6	2026-07-26 22:01:36	5	1	1	0
      147	2026-07-26 22:01:42	5	1	1	0
       29	2026-07-26 22:01:47	5	1	1	0
      123	2026-07-26 22:01:53	5	1	1	0
       11	2026-07-26 22:02:48	5	1	1	0
       76	2026-07-26 22:11:02	5	1	1	0
       61	2026-07-26 22:11:26	5	1	1	0
      121	2026-07-26 22:12:56	5	1	1	0
       17	2026-07-27 07:27:05	5	0	1	0
        8	2026-07-27 07:27:56	5	0	1	0
      147	2026-07-27 07:48:43	5	0	1	0
       19	2026-07-27 08:05:03	5	0	1	0
        7	2026-07-27 08:06:31	5	0	1	0
       27	2026-07-27 08:06:38	5	0	1	0
        6	2026-07-27 08:09:35	5	0	1	0
       76	2026-07-27 08:09:58	5	0	1	0
       61	2026-07-27 08:11:58	5	0	1	0
       61	2026-07-27 08:13:01	5	0	1	0
      111	2026-07-27 08:17:06	5	0	1	0
      123	2026-07-27 08:24:44	5	0	1	0
       68	2026-07-27 08:25:01	5	0	1	0
       58	2026-07-27 08:25:06	5	0	1	0
       15	2026-07-27 08:25:15	5	0	1	0
      114	2026-07-27 08:26:34	5	0	1	0
      121	2026-07-27 08:26:51	5	0	1	0
      150	2026-07-27 08:31:24	5	0	1	0
       29	2026-07-27 08:31:32	5	0	1	0
       16	2026-07-27 08:32:20	5	0	1	0
      145	2026-07-27 08:32:46	5	0	1	0
       18	2026-07-27 08:33:38	5	0	1	0
       44	2026-07-27 08:34:22	5	0	1	0
       30	2026-07-27 08:35:59	5	0	1	0
       85	2026-07-27 08:38:09	5	0	1	0
     8888	2026-07-27 18:12:22	5	1	1	0
     8888	2026-07-27 18:12:25	5	1	1	0
       27	2026-07-27 22:00:05	5	1	1	0
        6	2026-07-27 22:00:13	5	1	1	0
      147	2026-07-27 22:00:18	5	1	1	0
       58	2026-07-27 22:00:27	5	1	1	0
       17	2026-07-27 22:00:32	5	1	1	0
      123	2026-07-27 22:00:37	5	1	1	0
       61	2026-07-27 22:00:43	5	1	1	0
       30	2026-07-27 22:00:48	5	1	1	0
      111	2026-07-27 22:00:52	5	1	1	0
       15	2026-07-27 22:00:57	5	1	1	0
      145	2026-07-27 22:01:03	5	1	1	0
      114	2026-07-27 22:01:08	5	1	1	0
       16	2026-07-27 22:01:13	5	1	1	0
       18	2026-07-27 22:01:19	5	1	1	0
       76	2026-07-27 22:01:23	5	1	1	0
       29	2026-07-27 22:01:28	5	1	1	0
       44	2026-07-27 22:01:35	5	1	1	0
       68	2026-07-27 22:01:40	5	1	1	0
       85	2026-07-27 22:01:43	5	1	1	0
      150	2026-07-27 22:01:48	5	1	1	0
        7	2026-07-27 22:01:53	5	1	1	0
      121	2026-07-27 22:01:59	5	1	1	0
       17	2026-07-28 07:37:50	5	0	1	0
       17	2026-07-28 07:39:24	5	0	1	0
        7	2026-07-28 07:50:15	5	0	1	0
       86	2026-07-28 07:50:30	5	0	1	0
      147	2026-07-28 07:50:45	5	0	1	0
       58	2026-07-28 08:04:35	5	0	1	0
       58	2026-07-28 08:04:37	5	0	1	0
       15	2026-07-28 08:06:13	5	0	1	0
      111	2026-07-28 08:06:51	5	0	1	0
       45	2026-07-28 08:11:05	5	0	1	0
      112	2026-07-28 08:11:40	5	0	1	0
       11	2026-07-28 08:14:19	5	0	1	0
       76	2026-07-28 08:15:08	5	0	1	0
     5555	2026-07-28 08:19:28	5	0	1	0
       61	2026-07-28 08:21:44	5	0	1	0
      123	2026-07-28 08:21:52	5	0	1	0
      150	2026-07-28 08:27:25	5	0	1	0
       29	2026-07-28 08:27:56	5	0	1	0
      121	2026-07-28 08:28:23	5	0	1	0
       27	2026-07-28 08:29:16	5	0	1	0
      120	2026-07-28 08:29:26	5	0	1	0
       16	2026-07-28 08:30:51	5	0	1	0
      114	2026-07-28 08:31:39	5	0	1	0
       18	2026-07-28 08:31:48	5	0	1	0
       30	2026-07-28 08:37:45	5	0	1	0
       44	2026-07-28 08:38:33	5	0	1	0
       85	2026-07-28 08:39:22	5	0	1	0
